,Medium,Language,Subject,Unit,Non_word,Picture set,Picture orientation,Meaning
0,Mu,H,0,Ml,B,1,L,1
1,Mu,H,0,Ml,B,1,L,10
2,Mu,H,0,Ml,B,1,L,11
3,Mu,H,0,Ml,B,1,L,12
4,Mu,H,0,Ml,B,1,L,2
5,Mu,H,0,Ml,B,1,L,3
6,Mu,H,0,Ml,B,1,L,4
7,Mu,H,0,Ml,B,1,L,5
8,Mu,H,0,Ml,B,1,L,6
9,Mu,H,0,Ml,B,1,L,7
10,Mu,H,0,Ml,B,1,L,8
11,Mu,H,0,Ml,B,1,L,9
12,Mu,H,0,Ml,B,2,R,1
13,Mu,H,0,Ml,B,2,R,10
14,Mu,H,0,Ml,B,2,R,11
15,Mu,H,0,Ml,B,2,R,12
16,Mu,H,0,Ml,B,2,R,2
17,Mu,H,0,Ml,B,2,R,3
18,Mu,H,0,Ml,B,2,R,4
19,Mu,H,0,Ml,B,2,R,5
20,Mu,H,0,Ml,B,2,R,6
21,Mu,H,0,Ml,B,2,R,7
22,Mu,H,0,Ml,B,2,R,8
23,Mu,H,0,Ml,B,2,R,9
24,Mu,H,0,Ml,T,1,L,1
25,Mu,H,0,Ml,T,1,L,10
26,Mu,H,0,Ml,T,1,L,11
27,Mu,H,0,Ml,T,1,L,12
28,Mu,H,0,Ml,T,1,L,2
29,Mu,H,0,Ml,T,1,L,3
30,Mu,H,0,Ml,T,1,L,4
31,Mu,H,0,Ml,T,1,L,5
32,Mu,H,0,Ml,T,1,L,6
33,Mu,H,0,Ml,T,1,L,7
34,Mu,H,0,Ml,T,1,L,8
35,Mu,H,0,Ml,T,1,L,9
36,Mu,H,0,Ml,T,2,R,1
37,Mu,H,0,Ml,T,2,R,10
38,Mu,H,0,Ml,T,2,R,11
39,Mu,H,0,Ml,T,2,R,12
40,Mu,H,0,Ml,T,2,R,2
41,Mu,H,0,Ml,T,2,R,3
42,Mu,H,0,Ml,T,2,R,4
43,Mu,H,0,Ml,T,2,R,5
44,Mu,H,0,Ml,T,2,R,6
45,Mu,H,0,Ml,T,2,R,7
46,Mu,H,0,Ml,T,2,R,8
47,Mu,H,0,Ml,T,2,R,9
48,Mu,H,0,Sn,B,1,L,10
49,Mu,H,0,Sn,B,1,L,11
50,Mu,H,0,Sn,B,1,L,12
51,Mu,H,0,Sn,B,1,L,9
52,Mu,H,0,Sn,B,1,R,1
53,Mu,H,0,Sn,B,1,R,2
54,Mu,H,0,Sn,B,1,R,3
55,Mu,H,0,Sn,B,1,R,4
56,Mu,H,0,Sn,B,1,R,5
57,Mu,H,0,Sn,B,1,R,6
58,Mu,H,0,Sn,B,1,R,7
59,Mu,H,0,Sn,B,1,R,8
60,Mu,H,0,Sn,B,2,L,1
61,Mu,H,0,Sn,B,2,L,2
62,Mu,H,0,Sn,B,2,L,3
63,Mu,H,0,Sn,B,2,L,4
64,Mu,H,0,Sn,B,2,L,5
65,Mu,H,0,Sn,B,2,L,6
66,Mu,H,0,Sn,B,2,L,7
67,Mu,H,0,Sn,B,2,L,8
68,Mu,H,0,Sn,B,2,R,10
69,Mu,H,0,Sn,B,2,R,11
70,Mu,H,0,Sn,B,2,R,12
71,Mu,H,0,Sn,B,2,R,9
72,Mu,H,0,Sn,T,1,L,10
73,Mu,H,0,Sn,T,1,L,11
74,Mu,H,0,Sn,T,1,L,12
75,Mu,H,0,Sn,T,1,L,9
76,Mu,H,0,Sn,T,1,R,1
77,Mu,H,0,Sn,T,1,R,2
78,Mu,H,0,Sn,T,1,R,3
79,Mu,H,0,Sn,T,1,R,4
80,Mu,H,0,Sn,T,1,R,5
81,Mu,H,0,Sn,T,1,R,6
82,Mu,H,0,Sn,T,1,R,7
83,Mu,H,0,Sn,T,1,R,8
84,Mu,H,0,Sn,T,2,L,1
85,Mu,H,0,Sn,T,2,L,2
86,Mu,H,0,Sn,T,2,L,3
87,Mu,H,0,Sn,T,2,L,4
88,Mu,H,0,Sn,T,2,L,5
89,Mu,H,0,Sn,T,2,L,6
90,Mu,H,0,Sn,T,2,L,7
91,Mu,H,0,Sn,T,2,L,8
92,Mu,H,0,Sn,T,2,R,10
93,Mu,H,0,Sn,T,2,R,11
94,Mu,H,0,Sn,T,2,R,12
95,Mu,H,0,Sn,T,2,R,9
96,Mu,H,1,Ml,B,1,L,1
97,Mu,H,1,Ml,B,1,L,2
98,Mu,H,1,Ml,B,1,L,3
99,Mu,H,1,Ml,B,1,L,4
100,Mu,H,1,Ml,B,1,R,10
101,Mu,H,1,Ml,B,1,R,11
102,Mu,H,1,Ml,B,1,R,12
103,Mu,H,1,Ml,B,1,R,5
104,Mu,H,1,Ml,B,1,R,6
105,Mu,H,1,Ml,B,1,R,7
106,Mu,H,1,Ml,B,1,R,8
107,Mu,H,1,Ml,B,1,R,9
108,Mu,H,1,Ml,B,2,L,10
109,Mu,H,1,Ml,B,2,L,11
110,Mu,H,1,Ml,B,2,L,12
111,Mu,H,1,Ml,B,2,L,5
112,Mu,H,1,Ml,B,2,L,6
113,Mu,H,1,Ml,B,2,L,7
114,Mu,H,1,Ml,B,2,L,8
115,Mu,H,1,Ml,B,2,L,9
116,Mu,H,1,Ml,B,2,R,1
117,Mu,H,1,Ml,B,2,R,2
118,Mu,H,1,Ml,B,2,R,3
119,Mu,H,1,Ml,B,2,R,4
120,Mu,H,1,Ml,T,1,L,1
121,Mu,H,1,Ml,T,1,L,2
122,Mu,H,1,Ml,T,1,L,3
123,Mu,H,1,Ml,T,1,L,4
124,Mu,H,1,Ml,T,1,R,10
125,Mu,H,1,Ml,T,1,R,11
126,Mu,H,1,Ml,T,1,R,12
127,Mu,H,1,Ml,T,1,R,5
128,Mu,H,1,Ml,T,1,R,6
129,Mu,H,1,Ml,T,1,R,7
130,Mu,H,1,Ml,T,1,R,8
131,Mu,H,1,Ml,T,1,R,9
132,Mu,H,1,Ml,T,2,L,10
133,Mu,H,1,Ml,T,2,L,11
134,Mu,H,1,Ml,T,2,L,12
135,Mu,H,1,Ml,T,2,L,5
136,Mu,H,1,Ml,T,2,L,6
137,Mu,H,1,Ml,T,2,L,7
138,Mu,H,1,Ml,T,2,L,8
139,Mu,H,1,Ml,T,2,L,9
140,Mu,H,1,Ml,T,2,R,1
141,Mu,H,1,Ml,T,2,R,2
142,Mu,H,1,Ml,T,2,R,3
143,Mu,H,1,Ml,T,2,R,4
144,Mu,H,1,Sn,B,1,L,10
145,Mu,H,1,Sn,B,1,L,11
146,Mu,H,1,Sn,B,1,L,12
147,Mu,H,1,Sn,B,1,L,5
148,Mu,H,1,Sn,B,1,L,6
149,Mu,H,1,Sn,B,1,L,7
150,Mu,H,1,Sn,B,1,L,8
151,Mu,H,1,Sn,B,1,L,9
152,Mu,H,1,Sn,B,1,R,1
153,Mu,H,1,Sn,B,1,R,2
154,Mu,H,1,Sn,B,1,R,3
155,Mu,H,1,Sn,B,1,R,4
156,Mu,H,1,Sn,B,2,L,1
157,Mu,H,1,Sn,B,2,L,2
158,Mu,H,1,Sn,B,2,L,3
159,Mu,H,1,Sn,B,2,L,4
160,Mu,H,1,Sn,B,2,R,10
161,Mu,H,1,Sn,B,2,R,11
162,Mu,H,1,Sn,B,2,R,12
163,Mu,H,1,Sn,B,2,R,5
164,Mu,H,1,Sn,B,2,R,6
165,Mu,H,1,Sn,B,2,R,7
166,Mu,H,1,Sn,B,2,R,8
167,Mu,H,1,Sn,B,2,R,9
168,Mu,H,1,Sn,T,1,L,10
169,Mu,H,1,Sn,T,1,L,11
170,Mu,H,1,Sn,T,1,L,12
171,Mu,H,1,Sn,T,1,L,5
172,Mu,H,1,Sn,T,1,L,6
173,Mu,H,1,Sn,T,1,L,7
174,Mu,H,1,Sn,T,1,L,8
175,Mu,H,1,Sn,T,1,L,9
176,Mu,H,1,Sn,T,1,R,1
177,Mu,H,1,Sn,T,1,R,2
178,Mu,H,1,Sn,T,1,R,3
179,Mu,H,1,Sn,T,1,R,4
180,Mu,H,1,Sn,T,2,L,1
181,Mu,H,1,Sn,T,2,L,2
182,Mu,H,1,Sn,T,2,L,3
183,Mu,H,1,Sn,T,2,L,4
184,Mu,H,1,Sn,T,2,R,10
185,Mu,H,1,Sn,T,2,R,11
186,Mu,H,1,Sn,T,2,R,12
187,Mu,H,1,Sn,T,2,R,5
188,Mu,H,1,Sn,T,2,R,6
189,Mu,H,1,Sn,T,2,R,7
190,Mu,H,1,Sn,T,2,R,8
191,Mu,H,1,Sn,T,2,R,9
192,Mu,H,2,Ml,B,1,L,1
193,Mu,H,2,Ml,B,1,L,2
194,Mu,H,2,Ml,B,1,L,3
195,Mu,H,2,Ml,B,1,L,4
196,Mu,H,2,Ml,B,1,L,5
197,Mu,H,2,Ml,B,1,L,6
198,Mu,H,2,Ml,B,1,L,7
199,Mu,H,2,Ml,B,1,L,8
200,Mu,H,2,Ml,B,1,R,10
201,Mu,H,2,Ml,B,1,R,11
202,Mu,H,2,Ml,B,1,R,12
203,Mu,H,2,Ml,B,1,R,9
204,Mu,H,2,Ml,B,2,L,10
205,Mu,H,2,Ml,B,2,L,11
206,Mu,H,2,Ml,B,2,L,12
207,Mu,H,2,Ml,B,2,L,9
208,Mu,H,2,Ml,B,2,R,1
209,Mu,H,2,Ml,B,2,R,2
210,Mu,H,2,Ml,B,2,R,3
211,Mu,H,2,Ml,B,2,R,4
212,Mu,H,2,Ml,B,2,R,5
213,Mu,H,2,Ml,B,2,R,6
214,Mu,H,2,Ml,B,2,R,7
215,Mu,H,2,Ml,B,2,R,8
216,Mu,H,2,Ml,T,1,L,1
217,Mu,H,2,Ml,T,1,L,2
218,Mu,H,2,Ml,T,1,L,3
219,Mu,H,2,Ml,T,1,L,4
220,Mu,H,2,Ml,T,1,L,5
221,Mu,H,2,Ml,T,1,L,6
222,Mu,H,2,Ml,T,1,L,7
223,Mu,H,2,Ml,T,1,L,8
224,Mu,H,2,Ml,T,1,R,10
225,Mu,H,2,Ml,T,1,R,11
226,Mu,H,2,Ml,T,1,R,12
227,Mu,H,2,Ml,T,1,R,9
228,Mu,H,2,Ml,T,2,L,10
229,Mu,H,2,Ml,T,2,L,11
230,Mu,H,2,Ml,T,2,L,12
231,Mu,H,2,Ml,T,2,L,9
232,Mu,H,2,Ml,T,2,R,1
233,Mu,H,2,Ml,T,2,R,2
234,Mu,H,2,Ml,T,2,R,3
235,Mu,H,2,Ml,T,2,R,4
236,Mu,H,2,Ml,T,2,R,5
237,Mu,H,2,Ml,T,2,R,6
238,Mu,H,2,Ml,T,2,R,7
239,Mu,H,2,Ml,T,2,R,8
240,Mu,H,2,Sn,B,1,L,1
241,Mu,H,2,Sn,B,1,L,2
242,Mu,H,2,Sn,B,1,L,3
243,Mu,H,2,Sn,B,1,L,4
244,Mu,H,2,Sn,B,1,R,10
245,Mu,H,2,Sn,B,1,R,11
246,Mu,H,2,Sn,B,1,R,12
247,Mu,H,2,Sn,B,1,R,5
248,Mu,H,2,Sn,B,1,R,6
249,Mu,H,2,Sn,B,1,R,7
250,Mu,H,2,Sn,B,1,R,8
251,Mu,H,2,Sn,B,1,R,9
252,Mu,H,2,Sn,B,2,L,10
253,Mu,H,2,Sn,B,2,L,11
254,Mu,H,2,Sn,B,2,L,12
255,Mu,H,2,Sn,B,2,L,5
256,Mu,H,2,Sn,B,2,L,6
257,Mu,H,2,Sn,B,2,L,7
258,Mu,H,2,Sn,B,2,L,8
259,Mu,H,2,Sn,B,2,L,9
260,Mu,H,2,Sn,B,2,R,1
261,Mu,H,2,Sn,B,2,R,2
262,Mu,H,2,Sn,B,2,R,3
263,Mu,H,2,Sn,B,2,R,4
264,Mu,H,2,Sn,T,1,L,1
265,Mu,H,2,Sn,T,1,L,2
266,Mu,H,2,Sn,T,1,L,3
267,Mu,H,2,Sn,T,1,L,4
268,Mu,H,2,Sn,T,1,R,10
269,Mu,H,2,Sn,T,1,R,11
270,Mu,H,2,Sn,T,1,R,12
271,Mu,H,2,Sn,T,1,R,5
272,Mu,H,2,Sn,T,1,R,6
273,Mu,H,2,Sn,T,1,R,7
274,Mu,H,2,Sn,T,1,R,8
275,Mu,H,2,Sn,T,1,R,9
276,Mu,H,2,Sn,T,2,L,10
277,Mu,H,2,Sn,T,2,L,11
278,Mu,H,2,Sn,T,2,L,12
279,Mu,H,2,Sn,T,2,L,5
280,Mu,H,2,Sn,T,2,L,6
281,Mu,H,2,Sn,T,2,L,7
282,Mu,H,2,Sn,T,2,L,8
283,Mu,H,2,Sn,T,2,L,9
284,Mu,H,2,Sn,T,2,R,1
285,Mu,H,2,Sn,T,2,R,2
286,Mu,H,2,Sn,T,2,R,3
287,Mu,H,2,Sn,T,2,R,4
288,Mu,H,3,Ml,B,1,L,5
289,Mu,H,3,Ml,B,1,L,6
290,Mu,H,3,Ml,B,1,L,7
291,Mu,H,3,Ml,B,1,L,8
292,Mu,H,3,Ml,B,1,R,1
293,Mu,H,3,Ml,B,1,R,10
294,Mu,H,3,Ml,B,1,R,11
295,Mu,H,3,Ml,B,1,R,12
296,Mu,H,3,Ml,B,1,R,2
297,Mu,H,3,Ml,B,1,R,3
298,Mu,H,3,Ml,B,1,R,4
299,Mu,H,3,Ml,B,1,R,9
300,Mu,H,3,Ml,B,2,L,1
301,Mu,H,3,Ml,B,2,L,10
302,Mu,H,3,Ml,B,2,L,11
303,Mu,H,3,Ml,B,2,L,12
304,Mu,H,3,Ml,B,2,L,2
305,Mu,H,3,Ml,B,2,L,3
306,Mu,H,3,Ml,B,2,L,4
307,Mu,H,3,Ml,B,2,L,9
308,Mu,H,3,Ml,B,2,R,5
309,Mu,H,3,Ml,B,2,R,6
310,Mu,H,3,Ml,B,2,R,7
311,Mu,H,3,Ml,B,2,R,8
312,Mu,H,3,Ml,T,1,L,5
313,Mu,H,3,Ml,T,1,L,6
314,Mu,H,3,Ml,T,1,L,7
315,Mu,H,3,Ml,T,1,L,8
316,Mu,H,3,Ml,T,1,R,1
317,Mu,H,3,Ml,T,1,R,10
318,Mu,H,3,Ml,T,1,R,11
319,Mu,H,3,Ml,T,1,R,12
320,Mu,H,3,Ml,T,1,R,2
321,Mu,H,3,Ml,T,1,R,3
322,Mu,H,3,Ml,T,1,R,4
323,Mu,H,3,Ml,T,1,R,9
324,Mu,H,3,Ml,T,2,L,1
325,Mu,H,3,Ml,T,2,L,10
326,Mu,H,3,Ml,T,2,L,11
327,Mu,H,3,Ml,T,2,L,12
328,Mu,H,3,Ml,T,2,L,2
329,Mu,H,3,Ml,T,2,L,3
330,Mu,H,3,Ml,T,2,L,4
331,Mu,H,3,Ml,T,2,L,9
332,Mu,H,3,Ml,T,2,R,5
333,Mu,H,3,Ml,T,2,R,6
334,Mu,H,3,Ml,T,2,R,7
335,Mu,H,3,Ml,T,2,R,8
336,Mu,H,3,Sn,B,1,L,1
337,Mu,H,3,Sn,B,1,L,2
338,Mu,H,3,Sn,B,1,L,3
339,Mu,H,3,Sn,B,1,L,4
340,Mu,H,3,Sn,B,1,L,5
341,Mu,H,3,Sn,B,1,L,6
342,Mu,H,3,Sn,B,1,L,7
343,Mu,H,3,Sn,B,1,L,8
344,Mu,H,3,Sn,B,1,R,10
345,Mu,H,3,Sn,B,1,R,11
346,Mu,H,3,Sn,B,1,R,12
347,Mu,H,3,Sn,B,1,R,9
348,Mu,H,3,Sn,B,2,L,10
349,Mu,H,3,Sn,B,2,L,11
350,Mu,H,3,Sn,B,2,L,12
351,Mu,H,3,Sn,B,2,L,9
352,Mu,H,3,Sn,B,2,R,1
353,Mu,H,3,Sn,B,2,R,2
354,Mu,H,3,Sn,B,2,R,3
355,Mu,H,3,Sn,B,2,R,4
356,Mu,H,3,Sn,B,2,R,5
357,Mu,H,3,Sn,B,2,R,6
358,Mu,H,3,Sn,B,2,R,7
359,Mu,H,3,Sn,B,2,R,8
360,Mu,H,3,Sn,T,1,L,1
361,Mu,H,3,Sn,T,1,L,2
362,Mu,H,3,Sn,T,1,L,3
363,Mu,H,3,Sn,T,1,L,4
364,Mu,H,3,Sn,T,1,L,5
365,Mu,H,3,Sn,T,1,L,6
366,Mu,H,3,Sn,T,1,L,7
367,Mu,H,3,Sn,T,1,L,8
368,Mu,H,3,Sn,T,1,R,10
369,Mu,H,3,Sn,T,1,R,11
370,Mu,H,3,Sn,T,1,R,12
371,Mu,H,3,Sn,T,1,R,9
372,Mu,H,3,Sn,T,2,L,10
373,Mu,H,3,Sn,T,2,L,11
374,Mu,H,3,Sn,T,2,L,12
375,Mu,H,3,Sn,T,2,L,9
376,Mu,H,3,Sn,T,2,R,1
377,Mu,H,3,Sn,T,2,R,2
378,Mu,H,3,Sn,T,2,R,3
379,Mu,H,3,Sn,T,2,R,4
380,Mu,H,3,Sn,T,2,R,5
381,Mu,H,3,Sn,T,2,R,6
382,Mu,H,3,Sn,T,2,R,7
383,Mu,H,3,Sn,T,2,R,8
384,Mu,H,4,Ml,B,1,L,5
385,Mu,H,4,Ml,B,1,L,6
386,Mu,H,4,Ml,B,1,L,7
387,Mu,H,4,Ml,B,1,L,8
388,Mu,H,4,Ml,B,1,R,1
389,Mu,H,4,Ml,B,1,R,10
390,Mu,H,4,Ml,B,1,R,11
391,Mu,H,4,Ml,B,1,R,12
392,Mu,H,4,Ml,B,1,R,2
393,Mu,H,4,Ml,B,1,R,3
394,Mu,H,4,Ml,B,1,R,4
395,Mu,H,4,Ml,B,1,R,9
396,Mu,H,4,Ml,B,2,L,1
397,Mu,H,4,Ml,B,2,L,10
398,Mu,H,4,Ml,B,2,L,11
399,Mu,H,4,Ml,B,2,L,12
400,Mu,H,4,Ml,B,2,L,2
401,Mu,H,4,Ml,B,2,L,3
402,Mu,H,4,Ml,B,2,L,4
403,Mu,H,4,Ml,B,2,L,9
404,Mu,H,4,Ml,B,2,R,5
405,Mu,H,4,Ml,B,2,R,6
406,Mu,H,4,Ml,B,2,R,7
407,Mu,H,4,Ml,B,2,R,8
408,Mu,H,4,Ml,T,1,L,5
409,Mu,H,4,Ml,T,1,L,6
410,Mu,H,4,Ml,T,1,L,7
411,Mu,H,4,Ml,T,1,L,8
412,Mu,H,4,Ml,T,1,R,1
413,Mu,H,4,Ml,T,1,R,10
414,Mu,H,4,Ml,T,1,R,11
415,Mu,H,4,Ml,T,1,R,12
416,Mu,H,4,Ml,T,1,R,2
417,Mu,H,4,Ml,T,1,R,3
418,Mu,H,4,Ml,T,1,R,4
419,Mu,H,4,Ml,T,1,R,9
420,Mu,H,4,Ml,T,2,L,1
421,Mu,H,4,Ml,T,2,L,10
422,Mu,H,4,Ml,T,2,L,11
423,Mu,H,4,Ml,T,2,L,12
424,Mu,H,4,Ml,T,2,L,2
425,Mu,H,4,Ml,T,2,L,3
426,Mu,H,4,Ml,T,2,L,4
427,Mu,H,4,Ml,T,2,L,9
428,Mu,H,4,Ml,T,2,R,5
429,Mu,H,4,Ml,T,2,R,6
430,Mu,H,4,Ml,T,2,R,7
431,Mu,H,4,Ml,T,2,R,8
432,Mu,H,4,Sn,B,1,L,10
433,Mu,H,4,Sn,B,1,L,11
434,Mu,H,4,Sn,B,1,L,12
435,Mu,H,4,Sn,B,1,L,5
436,Mu,H,4,Sn,B,1,L,6
437,Mu,H,4,Sn,B,1,L,7
438,Mu,H,4,Sn,B,1,L,8
439,Mu,H,4,Sn,B,1,L,9
440,Mu,H,4,Sn,B,1,R,1
441,Mu,H,4,Sn,B,1,R,2
442,Mu,H,4,Sn,B,1,R,3
443,Mu,H,4,Sn,B,1,R,4
444,Mu,H,4,Sn,B,2,L,1
445,Mu,H,4,Sn,B,2,L,2
446,Mu,H,4,Sn,B,2,L,3
447,Mu,H,4,Sn,B,2,L,4
448,Mu,H,4,Sn,B,2,R,10
449,Mu,H,4,Sn,B,2,R,11
450,Mu,H,4,Sn,B,2,R,12
451,Mu,H,4,Sn,B,2,R,5
452,Mu,H,4,Sn,B,2,R,6
453,Mu,H,4,Sn,B,2,R,7
454,Mu,H,4,Sn,B,2,R,8
455,Mu,H,4,Sn,B,2,R,9
456,Mu,H,4,Sn,T,1,L,10
457,Mu,H,4,Sn,T,1,L,11
458,Mu,H,4,Sn,T,1,L,12
459,Mu,H,4,Sn,T,1,L,5
460,Mu,H,4,Sn,T,1,L,6
461,Mu,H,4,Sn,T,1,L,7
462,Mu,H,4,Sn,T,1,L,8
463,Mu,H,4,Sn,T,1,L,9
464,Mu,H,4,Sn,T,1,R,1
465,Mu,H,4,Sn,T,1,R,2
466,Mu,H,4,Sn,T,1,R,3
467,Mu,H,4,Sn,T,1,R,4
468,Mu,H,4,Sn,T,2,L,1
469,Mu,H,4,Sn,T,2,L,2
470,Mu,H,4,Sn,T,2,L,3
471,Mu,H,4,Sn,T,2,L,4
472,Mu,H,4,Sn,T,2,R,10
473,Mu,H,4,Sn,T,2,R,11
474,Mu,H,4,Sn,T,2,R,12
475,Mu,H,4,Sn,T,2,R,5
476,Mu,H,4,Sn,T,2,R,6
477,Mu,H,4,Sn,T,2,R,7
478,Mu,H,4,Sn,T,2,R,8
479,Mu,H,4,Sn,T,2,R,9
480,Mu,H,5,Ml,B,2,R,1
481,Mu,H,5,Ml,B,2,R,10
482,Mu,H,5,Ml,B,2,R,11
483,Mu,H,5,Ml,B,2,R,12
484,Mu,H,5,Ml,B,2,R,2
485,Mu,H,5,Ml,B,2,R,3
486,Mu,H,5,Ml,B,2,R,4
487,Mu,H,5,Ml,B,2,R,5
488,Mu,H,5,Ml,B,2,R,6
489,Mu,H,5,Ml,B,2,R,7
490,Mu,H,5,Ml,B,2,R,8
491,Mu,H,5,Ml,B,2,R,9
492,Mu,H,5,Ml,T,2,R,1
493,Mu,H,5,Ml,T,2,R,10
494,Mu,H,5,Ml,T,2,R,11
495,Mu,H,5,Ml,T,2,R,12
496,Mu,H,5,Ml,T,2,R,2
497,Mu,H,5,Ml,T,2,R,3
498,Mu,H,5,Ml,T,2,R,4
499,Mu,H,5,Ml,T,2,R,5
500,Mu,H,5,Ml,T,2,R,6
501,Mu,H,5,Ml,T,2,R,7
502,Mu,H,5,Ml,T,2,R,8
503,Mu,H,5,Ml,T,2,R,9
504,Mu,H,5,Sn,B,2,L,10
505,Mu,H,5,Sn,B,2,L,11
506,Mu,H,5,Sn,B,2,L,12
507,Mu,H,5,Sn,B,2,L,9
508,Mu,H,5,Sn,B,2,R,1
509,Mu,H,5,Sn,B,2,R,2
510,Mu,H,5,Sn,B,2,R,3
511,Mu,H,5,Sn,B,2,R,4
512,Mu,H,5,Sn,B,2,R,5
513,Mu,H,5,Sn,B,2,R,6
514,Mu,H,5,Sn,B,2,R,7
515,Mu,H,5,Sn,B,2,R,8
516,Mu,H,5,Sn,T,2,L,10
517,Mu,H,5,Sn,T,2,L,11
518,Mu,H,5,Sn,T,2,L,12
519,Mu,H,5,Sn,T,2,L,9
520,Mu,H,5,Sn,T,2,R,1
521,Mu,H,5,Sn,T,2,R,2
522,Mu,H,5,Sn,T,2,R,3
523,Mu,H,5,Sn,T,2,R,4
524,Mu,H,5,Sn,T,2,R,5
525,Mu,H,5,Sn,T,2,R,6
526,Mu,H,5,Sn,T,2,R,7
527,Mu,H,5,Sn,T,2,R,8
528,Mu,H,6,Ml,B,1,L,10
529,Mu,H,6,Ml,B,1,L,11
530,Mu,H,6,Ml,B,1,L,12
531,Mu,H,6,Ml,B,1,L,9
532,Mu,H,6,Ml,B,1,R,1
533,Mu,H,6,Ml,B,1,R,2
534,Mu,H,6,Ml,B,1,R,3
535,Mu,H,6,Ml,B,1,R,4
536,Mu,H,6,Ml,B,1,R,5
537,Mu,H,6,Ml,B,1,R,6
538,Mu,H,6,Ml,B,1,R,7
539,Mu,H,6,Ml,B,1,R,8
540,Mu,H,6,Ml,B,2,L,1
541,Mu,H,6,Ml,B,2,L,2
542,Mu,H,6,Ml,B,2,L,3
543,Mu,H,6,Ml,B,2,L,4
544,Mu,H,6,Ml,B,2,L,5
545,Mu,H,6,Ml,B,2,L,6
546,Mu,H,6,Ml,B,2,L,7
547,Mu,H,6,Ml,B,2,L,8
548,Mu,H,6,Ml,B,2,R,10
549,Mu,H,6,Ml,B,2,R,11
550,Mu,H,6,Ml,B,2,R,12
551,Mu,H,6,Ml,B,2,R,9
552,Mu,H,6,Ml,T,1,L,10
553,Mu,H,6,Ml,T,1,L,11
554,Mu,H,6,Ml,T,1,L,12
555,Mu,H,6,Ml,T,1,L,9
556,Mu,H,6,Ml,T,1,R,1
557,Mu,H,6,Ml,T,1,R,2
558,Mu,H,6,Ml,T,1,R,3
559,Mu,H,6,Ml,T,1,R,4
560,Mu,H,6,Ml,T,1,R,5
561,Mu,H,6,Ml,T,1,R,6
562,Mu,H,6,Ml,T,1,R,7
563,Mu,H,6,Ml,T,1,R,8
564,Mu,H,6,Ml,T,2,L,1
565,Mu,H,6,Ml,T,2,L,2
566,Mu,H,6,Ml,T,2,L,3
567,Mu,H,6,Ml,T,2,L,4
568,Mu,H,6,Ml,T,2,L,5
569,Mu,H,6,Ml,T,2,L,6
570,Mu,H,6,Ml,T,2,L,7
571,Mu,H,6,Ml,T,2,L,8
572,Mu,H,6,Ml,T,2,R,10
573,Mu,H,6,Ml,T,2,R,11
574,Mu,H,6,Ml,T,2,R,12
575,Mu,H,6,Ml,T,2,R,9
576,Mu,H,6,Sn,B,1,L,10
577,Mu,H,6,Sn,B,1,L,11
578,Mu,H,6,Sn,B,1,L,12
579,Mu,H,6,Sn,B,1,L,5
580,Mu,H,6,Sn,B,1,L,6
581,Mu,H,6,Sn,B,1,L,7
582,Mu,H,6,Sn,B,1,L,8
583,Mu,H,6,Sn,B,1,L,9
584,Mu,H,6,Sn,B,1,R,1
585,Mu,H,6,Sn,B,1,R,2
586,Mu,H,6,Sn,B,1,R,3
587,Mu,H,6,Sn,B,1,R,4
588,Mu,H,6,Sn,B,2,L,1
589,Mu,H,6,Sn,B,2,L,2
590,Mu,H,6,Sn,B,2,L,3
591,Mu,H,6,Sn,B,2,L,4
592,Mu,H,6,Sn,B,2,R,10
593,Mu,H,6,Sn,B,2,R,11
594,Mu,H,6,Sn,B,2,R,12
595,Mu,H,6,Sn,B,2,R,5
596,Mu,H,6,Sn,B,2,R,6
597,Mu,H,6,Sn,B,2,R,7
598,Mu,H,6,Sn,B,2,R,8
599,Mu,H,6,Sn,B,2,R,9
600,Mu,H,6,Sn,T,1,L,10
601,Mu,H,6,Sn,T,1,L,11
602,Mu,H,6,Sn,T,1,L,12
603,Mu,H,6,Sn,T,1,L,5
604,Mu,H,6,Sn,T,1,L,6
605,Mu,H,6,Sn,T,1,L,7
606,Mu,H,6,Sn,T,1,L,8
607,Mu,H,6,Sn,T,1,L,9
608,Mu,H,6,Sn,T,1,R,1
609,Mu,H,6,Sn,T,1,R,2
610,Mu,H,6,Sn,T,1,R,3
611,Mu,H,6,Sn,T,1,R,4
612,Mu,H,6,Sn,T,2,L,1
613,Mu,H,6,Sn,T,2,L,2
614,Mu,H,6,Sn,T,2,L,3
615,Mu,H,6,Sn,T,2,L,4
616,Mu,H,6,Sn,T,2,R,10
617,Mu,H,6,Sn,T,2,R,11
618,Mu,H,6,Sn,T,2,R,12
619,Mu,H,6,Sn,T,2,R,5
620,Mu,H,6,Sn,T,2,R,6
621,Mu,H,6,Sn,T,2,R,7
622,Mu,H,6,Sn,T,2,R,8
623,Mu,H,6,Sn,T,2,R,9
624,Mu,H,7,Ml,B,1,L,10
625,Mu,H,7,Ml,B,1,L,11
626,Mu,H,7,Ml,B,1,L,12
627,Mu,H,7,Ml,B,1,L,9
628,Mu,H,7,Ml,B,1,R,1
629,Mu,H,7,Ml,B,1,R,2
630,Mu,H,7,Ml,B,1,R,3
631,Mu,H,7,Ml,B,1,R,4
632,Mu,H,7,Ml,B,1,R,5
633,Mu,H,7,Ml,B,1,R,6
634,Mu,H,7,Ml,B,1,R,7
635,Mu,H,7,Ml,B,1,R,8
636,Mu,H,7,Ml,B,2,L,1
637,Mu,H,7,Ml,B,2,L,2
638,Mu,H,7,Ml,B,2,L,3
639,Mu,H,7,Ml,B,2,L,4
640,Mu,H,7,Ml,B,2,L,5
641,Mu,H,7,Ml,B,2,L,6
642,Mu,H,7,Ml,B,2,L,7
643,Mu,H,7,Ml,B,2,L,8
644,Mu,H,7,Ml,B,2,R,10
645,Mu,H,7,Ml,B,2,R,11
646,Mu,H,7,Ml,B,2,R,12
647,Mu,H,7,Ml,B,2,R,9
648,Mu,H,7,Ml,T,1,L,10
649,Mu,H,7,Ml,T,1,L,11
650,Mu,H,7,Ml,T,1,L,12
651,Mu,H,7,Ml,T,1,L,9
652,Mu,H,7,Ml,T,1,R,2
653,Mu,H,7,Ml,T,1,R,3
654,Mu,H,7,Ml,T,1,R,4
655,Mu,H,7,Ml,T,1,R,5
656,Mu,H,7,Ml,T,1,R,6
657,Mu,H,7,Ml,T,1,R,7
658,Mu,H,7,Ml,T,1,R,8
659,Mu,H,7,Ml,T,1,R,9
660,Mu,H,7,Ml,T,2,L,1
661,Mu,H,7,Ml,T,2,L,2
662,Mu,H,7,Ml,T,2,L,3
663,Mu,H,7,Ml,T,2,L,4
664,Mu,H,7,Ml,T,2,L,5
665,Mu,H,7,Ml,T,2,L,6
666,Mu,H,7,Ml,T,2,L,7
667,Mu,H,7,Ml,T,2,L,8
668,Mu,H,7,Ml,T,2,R,10
669,Mu,H,7,Ml,T,2,R,11
670,Mu,H,7,Ml,T,2,R,12
671,Mu,H,7,Ml,T,2,R,9
672,Mu,H,7,Sn,B,1,L,1
673,Mu,H,7,Sn,B,1,L,10
674,Mu,H,7,Sn,B,1,L,11
675,Mu,H,7,Sn,B,1,L,12
676,Mu,H,7,Sn,B,1,L,2
677,Mu,H,7,Sn,B,1,L,3
678,Mu,H,7,Sn,B,1,L,4
679,Mu,H,7,Sn,B,1,L,5
680,Mu,H,7,Sn,B,1,L,6
681,Mu,H,7,Sn,B,1,L,7
682,Mu,H,7,Sn,B,1,L,8
683,Mu,H,7,Sn,B,1,L,9
684,Mu,H,7,Sn,B,2,R,1
685,Mu,H,7,Sn,B,2,R,10
686,Mu,H,7,Sn,B,2,R,11
687,Mu,H,7,Sn,B,2,R,12
688,Mu,H,7,Sn,B,2,R,2
689,Mu,H,7,Sn,B,2,R,3
690,Mu,H,7,Sn,B,2,R,4
691,Mu,H,7,Sn,B,2,R,5
692,Mu,H,7,Sn,B,2,R,6
693,Mu,H,7,Sn,B,2,R,7
694,Mu,H,7,Sn,B,2,R,8
695,Mu,H,7,Sn,B,2,R,9
696,Mu,H,7,Sn,T,1,L,1
697,Mu,H,7,Sn,T,1,L,10
698,Mu,H,7,Sn,T,1,L,11
699,Mu,H,7,Sn,T,1,L,12
700,Mu,H,7,Sn,T,1,L,2
701,Mu,H,7,Sn,T,1,L,3
702,Mu,H,7,Sn,T,1,L,4
703,Mu,H,7,Sn,T,1,L,5
704,Mu,H,7,Sn,T,1,L,6
705,Mu,H,7,Sn,T,1,L,7
706,Mu,H,7,Sn,T,1,L,8
707,Mu,H,7,Sn,T,1,L,9
708,Mu,H,7,Sn,T,2,R,1
709,Mu,H,7,Sn,T,2,R,10
710,Mu,H,7,Sn,T,2,R,11
711,Mu,H,7,Sn,T,2,R,12
712,Mu,H,7,Sn,T,2,R,2
713,Mu,H,7,Sn,T,2,R,3
714,Mu,H,7,Sn,T,2,R,4
715,Mu,H,7,Sn,T,2,R,5
716,Mu,H,7,Sn,T,2,R,6
717,Mu,H,7,Sn,T,2,R,7
718,Mu,H,7,Sn,T,2,R,8
719,Mu,H,7,Sn,T,2,R,9
720,Mu,H,8,Ml,B,1,L,5
721,Mu,H,8,Ml,B,1,L,6
722,Mu,H,8,Ml,B,1,L,7
723,Mu,H,8,Ml,B,1,L,8
724,Mu,H,8,Ml,B,1,R,1
725,Mu,H,8,Ml,B,1,R,10
726,Mu,H,8,Ml,B,1,R,11
727,Mu,H,8,Ml,B,1,R,12
728,Mu,H,8,Ml,B,1,R,2
729,Mu,H,8,Ml,B,1,R,3
730,Mu,H,8,Ml,B,1,R,4
731,Mu,H,8,Ml,B,1,R,9
732,Mu,H,8,Ml,B,2,L,1
733,Mu,H,8,Ml,B,2,L,2
734,Mu,H,8,Ml,B,2,L,3
735,Mu,H,8,Ml,B,2,L,4
736,Mu,H,8,Ml,B,2,R,10
737,Mu,H,8,Ml,B,2,R,11
738,Mu,H,8,Ml,B,2,R,12
739,Mu,H,8,Ml,B,2,R,5
740,Mu,H,8,Ml,B,2,R,6
741,Mu,H,8,Ml,B,2,R,7
742,Mu,H,8,Ml,B,2,R,8
743,Mu,H,8,Ml,B,2,R,9
744,Mu,H,8,Ml,T,1,L,5
745,Mu,H,8,Ml,T,1,L,6
746,Mu,H,8,Ml,T,1,L,7
747,Mu,H,8,Ml,T,1,L,8
748,Mu,H,8,Ml,T,1,R,1
749,Mu,H,8,Ml,T,1,R,10
750,Mu,H,8,Ml,T,1,R,11
751,Mu,H,8,Ml,T,1,R,12
752,Mu,H,8,Ml,T,1,R,2
753,Mu,H,8,Ml,T,1,R,3
754,Mu,H,8,Ml,T,1,R,4
755,Mu,H,8,Ml,T,1,R,9
756,Mu,H,8,Ml,T,2,L,1
757,Mu,H,8,Ml,T,2,L,2
758,Mu,H,8,Ml,T,2,L,3
759,Mu,H,8,Ml,T,2,L,4
760,Mu,H,8,Ml,T,2,R,10
761,Mu,H,8,Ml,T,2,R,11
762,Mu,H,8,Ml,T,2,R,12
763,Mu,H,8,Ml,T,2,R,5
764,Mu,H,8,Ml,T,2,R,6
765,Mu,H,8,Ml,T,2,R,7
766,Mu,H,8,Ml,T,2,R,8
767,Mu,H,8,Ml,T,2,R,9
768,Mu,H,8,Sn,B,1,L,10
769,Mu,H,8,Sn,B,1,L,11
770,Mu,H,8,Sn,B,1,L,12
771,Mu,H,8,Sn,B,1,L,9
772,Mu,H,8,Sn,B,1,R,1
773,Mu,H,8,Sn,B,1,R,2
774,Mu,H,8,Sn,B,1,R,3
775,Mu,H,8,Sn,B,1,R,4
776,Mu,H,8,Sn,B,1,R,5
777,Mu,H,8,Sn,B,1,R,6
778,Mu,H,8,Sn,B,1,R,7
779,Mu,H,8,Sn,B,1,R,8
780,Mu,H,8,Sn,B,2,L,10
781,Mu,H,8,Sn,B,2,L,11
782,Mu,H,8,Sn,B,2,L,12
783,Mu,H,8,Sn,B,2,L,9
784,Mu,H,8,Sn,B,2,R,1
785,Mu,H,8,Sn,B,2,R,2
786,Mu,H,8,Sn,B,2,R,3
787,Mu,H,8,Sn,B,2,R,4
788,Mu,H,8,Sn,B,2,R,5
789,Mu,H,8,Sn,B,2,R,6
790,Mu,H,8,Sn,B,2,R,7
791,Mu,H,8,Sn,B,2,R,8
792,Mu,H,8,Sn,T,1,L,10
793,Mu,H,8,Sn,T,1,L,11
794,Mu,H,8,Sn,T,1,L,12
795,Mu,H,8,Sn,T,1,L,9
796,Mu,H,8,Sn,T,1,R,1
797,Mu,H,8,Sn,T,1,R,2
798,Mu,H,8,Sn,T,1,R,3
799,Mu,H,8,Sn,T,1,R,4
800,Mu,H,8,Sn,T,1,R,5
801,Mu,H,8,Sn,T,1,R,6
802,Mu,H,8,Sn,T,1,R,7
803,Mu,H,8,Sn,T,1,R,8
804,Mu,H,8,Sn,T,2,L,10
805,Mu,H,8,Sn,T,2,L,11
806,Mu,H,8,Sn,T,2,L,12
807,Mu,H,8,Sn,T,2,L,9
808,Mu,H,8,Sn,T,2,R,1
809,Mu,H,8,Sn,T,2,R,2
810,Mu,H,8,Sn,T,2,R,3
811,Mu,H,8,Sn,T,2,R,4
812,Mu,H,8,Sn,T,2,R,5
813,Mu,H,8,Sn,T,2,R,6
814,Mu,H,8,Sn,T,2,R,7
815,Mu,H,8,Sn,T,2,R,8
816,Mu,H,9,Ml,B,1,L,1
817,Mu,H,9,Ml,B,1,L,10
818,Mu,H,9,Ml,B,1,L,11
819,Mu,H,9,Ml,B,1,L,12
820,Mu,H,9,Ml,B,1,L,2
821,Mu,H,9,Ml,B,1,L,3
822,Mu,H,9,Ml,B,1,L,4
823,Mu,H,9,Ml,B,1,L,9
824,Mu,H,9,Ml,B,1,R,5
825,Mu,H,9,Ml,B,1,R,6
826,Mu,H,9,Ml,B,1,R,7
827,Mu,H,9,Ml,B,1,R,8
828,Mu,H,9,Ml,B,2,L,5
829,Mu,H,9,Ml,B,2,L,6
830,Mu,H,9,Ml,B,2,L,7
831,Mu,H,9,Ml,B,2,L,8
832,Mu,H,9,Ml,B,2,R,1
833,Mu,H,9,Ml,B,2,R,10
834,Mu,H,9,Ml,B,2,R,11
835,Mu,H,9,Ml,B,2,R,12
836,Mu,H,9,Ml,B,2,R,2
837,Mu,H,9,Ml,B,2,R,3
838,Mu,H,9,Ml,B,2,R,4
839,Mu,H,9,Ml,B,2,R,9
840,Mu,H,9,Ml,T,1,L,1
841,Mu,H,9,Ml,T,1,L,10
842,Mu,H,9,Ml,T,1,L,11
843,Mu,H,9,Ml,T,1,L,12
844,Mu,H,9,Ml,T,1,L,2
845,Mu,H,9,Ml,T,1,L,3
846,Mu,H,9,Ml,T,1,L,4
847,Mu,H,9,Ml,T,1,L,9
848,Mu,H,9,Ml,T,1,R,5
849,Mu,H,9,Ml,T,1,R,6
850,Mu,H,9,Ml,T,1,R,7
851,Mu,H,9,Ml,T,1,R,8
852,Mu,H,9,Ml,T,2,L,5
853,Mu,H,9,Ml,T,2,L,6
854,Mu,H,9,Ml,T,2,L,7
855,Mu,H,9,Ml,T,2,L,8
856,Mu,H,9,Ml,T,2,R,1
857,Mu,H,9,Ml,T,2,R,10
858,Mu,H,9,Ml,T,2,R,11
859,Mu,H,9,Ml,T,2,R,12
860,Mu,H,9,Ml,T,2,R,2
861,Mu,H,9,Ml,T,2,R,3
862,Mu,H,9,Ml,T,2,R,4
863,Mu,H,9,Ml,T,2,R,9
864,Mu,H,9,Sn,B,1,L,5
865,Mu,H,9,Sn,B,1,L,6
866,Mu,H,9,Sn,B,1,L,7
867,Mu,H,9,Sn,B,1,L,8
868,Mu,H,9,Sn,B,1,R,1
869,Mu,H,9,Sn,B,1,R,10
870,Mu,H,9,Sn,B,1,R,11
871,Mu,H,9,Sn,B,1,R,12
872,Mu,H,9,Sn,B,1,R,2
873,Mu,H,9,Sn,B,1,R,3
874,Mu,H,9,Sn,B,1,R,4
875,Mu,H,9,Sn,B,1,R,9
876,Mu,H,9,Sn,B,2,L,10
877,Mu,H,9,Sn,B,2,L,11
878,Mu,H,9,Sn,B,2,L,12
879,Mu,H,9,Sn,B,2,L,5
880,Mu,H,9,Sn,B,2,L,6
881,Mu,H,9,Sn,B,2,L,7
882,Mu,H,9,Sn,B,2,L,8
883,Mu,H,9,Sn,B,2,L,9
884,Mu,H,9,Sn,B,2,R,1
885,Mu,H,9,Sn,B,2,R,2
886,Mu,H,9,Sn,B,2,R,3
887,Mu,H,9,Sn,B,2,R,4
888,Mu,H,9,Sn,T,1,L,5
889,Mu,H,9,Sn,T,1,L,6
890,Mu,H,9,Sn,T,1,L,7
891,Mu,H,9,Sn,T,1,L,8
892,Mu,H,9,Sn,T,1,R,1
893,Mu,H,9,Sn,T,1,R,10
894,Mu,H,9,Sn,T,1,R,11
895,Mu,H,9,Sn,T,1,R,12
896,Mu,H,9,Sn,T,1,R,2
897,Mu,H,9,Sn,T,1,R,3
898,Mu,H,9,Sn,T,1,R,4
899,Mu,H,9,Sn,T,1,R,9
900,Mu,H,9,Sn,T,2,L,10
901,Mu,H,9,Sn,T,2,L,11
902,Mu,H,9,Sn,T,2,L,12
903,Mu,H,9,Sn,T,2,L,5
904,Mu,H,9,Sn,T,2,L,6
905,Mu,H,9,Sn,T,2,L,7
906,Mu,H,9,Sn,T,2,L,8
907,Mu,H,9,Sn,T,2,L,9
908,Mu,H,9,Sn,T,2,R,1
909,Mu,H,9,Sn,T,2,R,2
910,Mu,H,9,Sn,T,2,R,3
911,Mu,H,9,Sn,T,2,R,4
912,Sp,H,0,Ml,B,1,L,1
913,Sp,H,0,Ml,B,1,L,10
914,Sp,H,0,Ml,B,1,L,11
915,Sp,H,0,Ml,B,1,L,12
916,Sp,H,0,Ml,B,1,L,2
917,Sp,H,0,Ml,B,1,L,3
918,Sp,H,0,Ml,B,1,L,4
919,Sp,H,0,Ml,B,1,L,5
920,Sp,H,0,Ml,B,1,L,6
921,Sp,H,0,Ml,B,1,L,7
922,Sp,H,0,Ml,B,1,L,8
923,Sp,H,0,Ml,B,1,L,9
924,Sp,H,0,Ml,B,2,R,1
925,Sp,H,0,Ml,B,2,R,10
926,Sp,H,0,Ml,B,2,R,11
927,Sp,H,0,Ml,B,2,R,12
928,Sp,H,0,Ml,B,2,R,2
929,Sp,H,0,Ml,B,2,R,3
930,Sp,H,0,Ml,B,2,R,4
931,Sp,H,0,Ml,B,2,R,5
932,Sp,H,0,Ml,B,2,R,6
933,Sp,H,0,Ml,B,2,R,7
934,Sp,H,0,Ml,B,2,R,8
935,Sp,H,0,Ml,B,2,R,9
936,Sp,H,0,Ml,T,1,L,1
937,Sp,H,0,Ml,T,1,L,10
938,Sp,H,0,Ml,T,1,L,11
939,Sp,H,0,Ml,T,1,L,12
940,Sp,H,0,Ml,T,1,L,2
941,Sp,H,0,Ml,T,1,L,3
942,Sp,H,0,Ml,T,1,L,4
943,Sp,H,0,Ml,T,1,L,5
944,Sp,H,0,Ml,T,1,L,6
945,Sp,H,0,Ml,T,1,L,7
946,Sp,H,0,Ml,T,1,L,8
947,Sp,H,0,Ml,T,1,L,9
948,Sp,H,0,Ml,T,2,R,1
949,Sp,H,0,Ml,T,2,R,10
950,Sp,H,0,Ml,T,2,R,11
951,Sp,H,0,Ml,T,2,R,12
952,Sp,H,0,Ml,T,2,R,2
953,Sp,H,0,Ml,T,2,R,3
954,Sp,H,0,Ml,T,2,R,4
955,Sp,H,0,Ml,T,2,R,5
956,Sp,H,0,Ml,T,2,R,6
957,Sp,H,0,Ml,T,2,R,7
958,Sp,H,0,Ml,T,2,R,8
959,Sp,H,0,Ml,T,2,R,9
960,Sp,H,0,Sn,B,1,L,10
961,Sp,H,0,Sn,B,1,L,11
962,Sp,H,0,Sn,B,1,L,12
963,Sp,H,0,Sn,B,1,L,9
964,Sp,H,0,Sn,B,1,R,1
965,Sp,H,0,Sn,B,1,R,2
966,Sp,H,0,Sn,B,1,R,3
967,Sp,H,0,Sn,B,1,R,4
968,Sp,H,0,Sn,B,1,R,5
969,Sp,H,0,Sn,B,1,R,6
970,Sp,H,0,Sn,B,1,R,7
971,Sp,H,0,Sn,B,1,R,8
972,Sp,H,0,Sn,B,2,L,1
973,Sp,H,0,Sn,B,2,L,2
974,Sp,H,0,Sn,B,2,L,3
975,Sp,H,0,Sn,B,2,L,4
976,Sp,H,0,Sn,B,2,L,5
977,Sp,H,0,Sn,B,2,L,6
978,Sp,H,0,Sn,B,2,L,7
979,Sp,H,0,Sn,B,2,L,8
980,Sp,H,0,Sn,B,2,R,10
981,Sp,H,0,Sn,B,2,R,11
982,Sp,H,0,Sn,B,2,R,12
983,Sp,H,0,Sn,B,2,R,9
984,Sp,H,0,Sn,T,1,L,10
985,Sp,H,0,Sn,T,1,L,11
986,Sp,H,0,Sn,T,1,L,12
987,Sp,H,0,Sn,T,1,L,9
988,Sp,H,0,Sn,T,1,R,1
989,Sp,H,0,Sn,T,1,R,2
990,Sp,H,0,Sn,T,1,R,3
991,Sp,H,0,Sn,T,1,R,4
992,Sp,H,0,Sn,T,1,R,5
993,Sp,H,0,Sn,T,1,R,6
994,Sp,H,0,Sn,T,1,R,7
995,Sp,H,0,Sn,T,1,R,8
996,Sp,H,0,Sn,T,2,L,1
997,Sp,H,0,Sn,T,2,L,2
998,Sp,H,0,Sn,T,2,L,3
999,Sp,H,0,Sn,T,2,L,4
1000,Sp,H,0,Sn,T,2,L,5
1001,Sp,H,0,Sn,T,2,L,6
1002,Sp,H,0,Sn,T,2,L,7
1003,Sp,H,0,Sn,T,2,L,8
1004,Sp,H,0,Sn,T,2,R,10
1005,Sp,H,0,Sn,T,2,R,11
1006,Sp,H,0,Sn,T,2,R,12
1007,Sp,H,0,Sn,T,2,R,9
1008,Sp,H,10,Ml,B,1,L,1
1009,Sp,H,10,Ml,B,1,L,10
1010,Sp,H,10,Ml,B,1,L,11
1011,Sp,H,10,Ml,B,1,L,12
1012,Sp,H,10,Ml,B,1,L,2
1013,Sp,H,10,Ml,B,1,L,3
1014,Sp,H,10,Ml,B,1,L,4
1015,Sp,H,10,Ml,B,1,L,5
1016,Sp,H,10,Ml,B,1,L,6
1017,Sp,H,10,Ml,B,1,L,7
1018,Sp,H,10,Ml,B,1,L,8
1019,Sp,H,10,Ml,B,1,L,9
1020,Sp,H,10,Ml,B,2,R,1
1021,Sp,H,10,Ml,B,2,R,10
1022,Sp,H,10,Ml,B,2,R,11
1023,Sp,H,10,Ml,B,2,R,12
1024,Sp,H,10,Ml,B,2,R,2
1025,Sp,H,10,Ml,B,2,R,3
1026,Sp,H,10,Ml,B,2,R,4
1027,Sp,H,10,Ml,B,2,R,5
1028,Sp,H,10,Ml,B,2,R,6
1029,Sp,H,10,Ml,B,2,R,7
1030,Sp,H,10,Ml,B,2,R,8
1031,Sp,H,10,Ml,B,2,R,9
1032,Sp,H,10,Ml,T,1,L,1
1033,Sp,H,10,Ml,T,1,L,10
1034,Sp,H,10,Ml,T,1,L,11
1035,Sp,H,10,Ml,T,1,L,12
1036,Sp,H,10,Ml,T,1,L,2
1037,Sp,H,10,Ml,T,1,L,3
1038,Sp,H,10,Ml,T,1,L,4
1039,Sp,H,10,Ml,T,1,L,5
1040,Sp,H,10,Ml,T,1,L,6
1041,Sp,H,10,Ml,T,1,L,7
1042,Sp,H,10,Ml,T,1,L,8
1043,Sp,H,10,Ml,T,1,L,9
1044,Sp,H,10,Ml,T,2,R,1
1045,Sp,H,10,Ml,T,2,R,10
1046,Sp,H,10,Ml,T,2,R,11
1047,Sp,H,10,Ml,T,2,R,12
1048,Sp,H,10,Ml,T,2,R,2
1049,Sp,H,10,Ml,T,2,R,3
1050,Sp,H,10,Ml,T,2,R,4
1051,Sp,H,10,Ml,T,2,R,5
1052,Sp,H,10,Ml,T,2,R,6
1053,Sp,H,10,Ml,T,2,R,7
1054,Sp,H,10,Ml,T,2,R,8
1055,Sp,H,10,Ml,T,2,R,9
1056,Sp,H,10,Sn,B,1,L,10
1057,Sp,H,10,Sn,B,1,L,11
1058,Sp,H,10,Sn,B,1,L,12
1059,Sp,H,10,Sn,B,1,L,9
1060,Sp,H,10,Sn,B,1,R,1
1061,Sp,H,10,Sn,B,1,R,2
1062,Sp,H,10,Sn,B,1,R,3
1063,Sp,H,10,Sn,B,1,R,4
1064,Sp,H,10,Sn,B,1,R,5
1065,Sp,H,10,Sn,B,1,R,6
1066,Sp,H,10,Sn,B,1,R,7
1067,Sp,H,10,Sn,B,1,R,8
1068,Sp,H,10,Sn,B,2,L,1
1069,Sp,H,10,Sn,B,2,L,2
1070,Sp,H,10,Sn,B,2,L,3
1071,Sp,H,10,Sn,B,2,L,4
1072,Sp,H,10,Sn,B,2,L,5
1073,Sp,H,10,Sn,B,2,L,6
1074,Sp,H,10,Sn,B,2,L,7
1075,Sp,H,10,Sn,B,2,L,8
1076,Sp,H,10,Sn,B,2,R,10
1077,Sp,H,10,Sn,B,2,R,11
1078,Sp,H,10,Sn,B,2,R,12
1079,Sp,H,10,Sn,B,2,R,9
1080,Sp,H,10,Sn,T,1,L,10
1081,Sp,H,10,Sn,T,1,L,11
1082,Sp,H,10,Sn,T,1,L,12
1083,Sp,H,10,Sn,T,1,L,9
1084,Sp,H,10,Sn,T,1,R,1
1085,Sp,H,10,Sn,T,1,R,2
1086,Sp,H,10,Sn,T,1,R,3
1087,Sp,H,10,Sn,T,1,R,4
1088,Sp,H,10,Sn,T,1,R,5
1089,Sp,H,10,Sn,T,1,R,6
1090,Sp,H,10,Sn,T,1,R,7
1091,Sp,H,10,Sn,T,1,R,8
1092,Sp,H,10,Sn,T,2,L,1
1093,Sp,H,10,Sn,T,2,L,2
1094,Sp,H,10,Sn,T,2,L,3
1095,Sp,H,10,Sn,T,2,L,4
1096,Sp,H,10,Sn,T,2,L,5
1097,Sp,H,10,Sn,T,2,L,6
1098,Sp,H,10,Sn,T,2,L,7
1099,Sp,H,10,Sn,T,2,L,8
1100,Sp,H,10,Sn,T,2,R,10
1101,Sp,H,10,Sn,T,2,R,11
1102,Sp,H,10,Sn,T,2,R,12
1103,Sp,H,10,Sn,T,2,R,9
1104,Sp,H,1,Ml,B,1,L,1
1105,Sp,H,1,Ml,B,1,L,2
1106,Sp,H,1,Ml,B,1,L,3
1107,Sp,H,1,Ml,B,1,L,4
1108,Sp,H,1,Ml,B,1,R,10
1109,Sp,H,1,Ml,B,1,R,11
1110,Sp,H,1,Ml,B,1,R,12
1111,Sp,H,1,Ml,B,1,R,5
1112,Sp,H,1,Ml,B,1,R,6
1113,Sp,H,1,Ml,B,1,R,7
1114,Sp,H,1,Ml,B,1,R,8
1115,Sp,H,1,Ml,B,1,R,9
1116,Sp,H,1,Ml,B,2,L,10
1117,Sp,H,1,Ml,B,2,L,11
1118,Sp,H,1,Ml,B,2,L,12
1119,Sp,H,1,Ml,B,2,L,5
1120,Sp,H,1,Ml,B,2,L,6
1121,Sp,H,1,Ml,B,2,L,7
1122,Sp,H,1,Ml,B,2,L,8
1123,Sp,H,1,Ml,B,2,L,9
1124,Sp,H,1,Ml,B,2,R,1
1125,Sp,H,1,Ml,B,2,R,2
1126,Sp,H,1,Ml,B,2,R,3
1127,Sp,H,1,Ml,B,2,R,4
1128,Sp,H,1,Ml,T,1,L,1
1129,Sp,H,1,Ml,T,1,L,2
1130,Sp,H,1,Ml,T,1,L,3
1131,Sp,H,1,Ml,T,1,L,4
1132,Sp,H,1,Ml,T,1,R,10
1133,Sp,H,1,Ml,T,1,R,11
1134,Sp,H,1,Ml,T,1,R,12
1135,Sp,H,1,Ml,T,1,R,5
1136,Sp,H,1,Ml,T,1,R,6
1137,Sp,H,1,Ml,T,1,R,7
1138,Sp,H,1,Ml,T,1,R,8
1139,Sp,H,1,Ml,T,1,R,9
1140,Sp,H,1,Ml,T,2,L,10
1141,Sp,H,1,Ml,T,2,L,11
1142,Sp,H,1,Ml,T,2,L,12
1143,Sp,H,1,Ml,T,2,L,5
1144,Sp,H,1,Ml,T,2,L,6
1145,Sp,H,1,Ml,T,2,L,7
1146,Sp,H,1,Ml,T,2,L,8
1147,Sp,H,1,Ml,T,2,L,9
1148,Sp,H,1,Ml,T,2,R,1
1149,Sp,H,1,Ml,T,2,R,2
1150,Sp,H,1,Ml,T,2,R,3
1151,Sp,H,1,Ml,T,2,R,4
1152,Sp,H,1,Sn,B,1,L,10
1153,Sp,H,1,Sn,B,1,L,11
1154,Sp,H,1,Sn,B,1,L,12
1155,Sp,H,1,Sn,B,1,L,5
1156,Sp,H,1,Sn,B,1,L,6
1157,Sp,H,1,Sn,B,1,L,7
1158,Sp,H,1,Sn,B,1,L,8
1159,Sp,H,1,Sn,B,1,L,9
1160,Sp,H,1,Sn,B,1,R,1
1161,Sp,H,1,Sn,B,1,R,2
1162,Sp,H,1,Sn,B,1,R,3
1163,Sp,H,1,Sn,B,1,R,4
1164,Sp,H,1,Sn,B,2,L,1
1165,Sp,H,1,Sn,B,2,L,2
1166,Sp,H,1,Sn,B,2,L,3
1167,Sp,H,1,Sn,B,2,L,4
1168,Sp,H,1,Sn,B,2,R,10
1169,Sp,H,1,Sn,B,2,R,11
1170,Sp,H,1,Sn,B,2,R,12
1171,Sp,H,1,Sn,B,2,R,5
1172,Sp,H,1,Sn,B,2,R,6
1173,Sp,H,1,Sn,B,2,R,7
1174,Sp,H,1,Sn,B,2,R,8
1175,Sp,H,1,Sn,B,2,R,9
1176,Sp,H,1,Sn,T,1,L,10
1177,Sp,H,1,Sn,T,1,L,11
1178,Sp,H,1,Sn,T,1,L,12
1179,Sp,H,1,Sn,T,1,L,5
1180,Sp,H,1,Sn,T,1,L,6
1181,Sp,H,1,Sn,T,1,L,7
1182,Sp,H,1,Sn,T,1,L,8
1183,Sp,H,1,Sn,T,1,L,9
1184,Sp,H,1,Sn,T,1,R,1
1185,Sp,H,1,Sn,T,1,R,2
1186,Sp,H,1,Sn,T,1,R,3
1187,Sp,H,1,Sn,T,1,R,4
1188,Sp,H,1,Sn,T,2,L,1
1189,Sp,H,1,Sn,T,2,L,2
1190,Sp,H,1,Sn,T,2,L,3
1191,Sp,H,1,Sn,T,2,L,4
1192,Sp,H,1,Sn,T,2,R,10
1193,Sp,H,1,Sn,T,2,R,11
1194,Sp,H,1,Sn,T,2,R,12
1195,Sp,H,1,Sn,T,2,R,5
1196,Sp,H,1,Sn,T,2,R,6
1197,Sp,H,1,Sn,T,2,R,7
1198,Sp,H,1,Sn,T,2,R,8
1199,Sp,H,1,Sn,T,2,R,9
1200,Sp,H,2,Ml,B,1,L,1
1201,Sp,H,2,Ml,B,1,L,2
1202,Sp,H,2,Ml,B,1,L,3
1203,Sp,H,2,Ml,B,1,L,4
1204,Sp,H,2,Ml,B,1,L,5
1205,Sp,H,2,Ml,B,1,L,6
1206,Sp,H,2,Ml,B,1,L,7
1207,Sp,H,2,Ml,B,1,L,8
1208,Sp,H,2,Ml,B,1,R,10
1209,Sp,H,2,Ml,B,1,R,11
1210,Sp,H,2,Ml,B,1,R,12
1211,Sp,H,2,Ml,B,1,R,9
1212,Sp,H,2,Ml,B,2,L,10
1213,Sp,H,2,Ml,B,2,L,11
1214,Sp,H,2,Ml,B,2,L,12
1215,Sp,H,2,Ml,B,2,L,9
1216,Sp,H,2,Ml,B,2,R,1
1217,Sp,H,2,Ml,B,2,R,2
1218,Sp,H,2,Ml,B,2,R,3
1219,Sp,H,2,Ml,B,2,R,4
1220,Sp,H,2,Ml,B,2,R,5
1221,Sp,H,2,Ml,B,2,R,6
1222,Sp,H,2,Ml,B,2,R,7
1223,Sp,H,2,Ml,B,2,R,8
1224,Sp,H,2,Ml,T,1,L,1
1225,Sp,H,2,Ml,T,1,L,2
1226,Sp,H,2,Ml,T,1,L,3
1227,Sp,H,2,Ml,T,1,L,4
1228,Sp,H,2,Ml,T,1,L,5
1229,Sp,H,2,Ml,T,1,L,6
1230,Sp,H,2,Ml,T,1,L,7
1231,Sp,H,2,Ml,T,1,L,8
1232,Sp,H,2,Ml,T,1,R,10
1233,Sp,H,2,Ml,T,1,R,11
1234,Sp,H,2,Ml,T,1,R,12
1235,Sp,H,2,Ml,T,1,R,9
1236,Sp,H,2,Ml,T,2,L,10
1237,Sp,H,2,Ml,T,2,L,11
1238,Sp,H,2,Ml,T,2,L,12
1239,Sp,H,2,Ml,T,2,L,9
1240,Sp,H,2,Ml,T,2,R,1
1241,Sp,H,2,Ml,T,2,R,2
1242,Sp,H,2,Ml,T,2,R,3
1243,Sp,H,2,Ml,T,2,R,4
1244,Sp,H,2,Ml,T,2,R,5
1245,Sp,H,2,Ml,T,2,R,6
1246,Sp,H,2,Ml,T,2,R,7
1247,Sp,H,2,Ml,T,2,R,8
1248,Sp,H,2,Sn,B,1,L,1
1249,Sp,H,2,Sn,B,1,L,2
1250,Sp,H,2,Sn,B,1,L,3
1251,Sp,H,2,Sn,B,1,L,4
1252,Sp,H,2,Sn,B,1,R,10
1253,Sp,H,2,Sn,B,1,R,11
1254,Sp,H,2,Sn,B,1,R,12
1255,Sp,H,2,Sn,B,1,R,5
1256,Sp,H,2,Sn,B,1,R,6
1257,Sp,H,2,Sn,B,1,R,7
1258,Sp,H,2,Sn,B,1,R,8
1259,Sp,H,2,Sn,B,1,R,9
1260,Sp,H,2,Sn,B,2,L,10
1261,Sp,H,2,Sn,B,2,L,11
1262,Sp,H,2,Sn,B,2,L,12
1263,Sp,H,2,Sn,B,2,L,5
1264,Sp,H,2,Sn,B,2,L,6
1265,Sp,H,2,Sn,B,2,L,7
1266,Sp,H,2,Sn,B,2,L,8
1267,Sp,H,2,Sn,B,2,L,9
1268,Sp,H,2,Sn,B,2,R,1
1269,Sp,H,2,Sn,B,2,R,2
1270,Sp,H,2,Sn,B,2,R,3
1271,Sp,H,2,Sn,B,2,R,4
1272,Sp,H,2,Sn,T,1,L,1
1273,Sp,H,2,Sn,T,1,L,2
1274,Sp,H,2,Sn,T,1,L,3
1275,Sp,H,2,Sn,T,1,L,4
1276,Sp,H,2,Sn,T,1,R,10
1277,Sp,H,2,Sn,T,1,R,11
1278,Sp,H,2,Sn,T,1,R,12
1279,Sp,H,2,Sn,T,1,R,5
1280,Sp,H,2,Sn,T,1,R,6
1281,Sp,H,2,Sn,T,1,R,7
1282,Sp,H,2,Sn,T,1,R,8
1283,Sp,H,2,Sn,T,1,R,9
1284,Sp,H,2,Sn,T,2,L,10
1285,Sp,H,2,Sn,T,2,L,11
1286,Sp,H,2,Sn,T,2,L,12
1287,Sp,H,2,Sn,T,2,L,5
1288,Sp,H,2,Sn,T,2,L,6
1289,Sp,H,2,Sn,T,2,L,7
1290,Sp,H,2,Sn,T,2,L,8
1291,Sp,H,2,Sn,T,2,L,9
1292,Sp,H,2,Sn,T,2,R,1
1293,Sp,H,2,Sn,T,2,R,2
1294,Sp,H,2,Sn,T,2,R,3
1295,Sp,H,2,Sn,T,2,R,4
1296,Sp,H,3,Ml,B,1,L,5
1297,Sp,H,3,Ml,B,1,L,6
1298,Sp,H,3,Ml,B,1,L,7
1299,Sp,H,3,Ml,B,1,L,8
1300,Sp,H,3,Ml,B,1,R,1
1301,Sp,H,3,Ml,B,1,R,10
1302,Sp,H,3,Ml,B,1,R,11
1303,Sp,H,3,Ml,B,1,R,12
1304,Sp,H,3,Ml,B,1,R,2
1305,Sp,H,3,Ml,B,1,R,3
1306,Sp,H,3,Ml,B,1,R,4
1307,Sp,H,3,Ml,B,1,R,9
1308,Sp,H,3,Ml,B,2,L,1
1309,Sp,H,3,Ml,B,2,L,10
1310,Sp,H,3,Ml,B,2,L,11
1311,Sp,H,3,Ml,B,2,L,12
1312,Sp,H,3,Ml,B,2,L,2
1313,Sp,H,3,Ml,B,2,L,3
1314,Sp,H,3,Ml,B,2,L,4
1315,Sp,H,3,Ml,B,2,L,9
1316,Sp,H,3,Ml,B,2,R,5
1317,Sp,H,3,Ml,B,2,R,6
1318,Sp,H,3,Ml,B,2,R,7
1319,Sp,H,3,Ml,B,2,R,8
1320,Sp,H,3,Ml,T,1,L,5
1321,Sp,H,3,Ml,T,1,L,6
1322,Sp,H,3,Ml,T,1,L,7
1323,Sp,H,3,Ml,T,1,L,8
1324,Sp,H,3,Ml,T,1,R,1
1325,Sp,H,3,Ml,T,1,R,10
1326,Sp,H,3,Ml,T,1,R,11
1327,Sp,H,3,Ml,T,1,R,12
1328,Sp,H,3,Ml,T,1,R,2
1329,Sp,H,3,Ml,T,1,R,3
1330,Sp,H,3,Ml,T,1,R,4
1331,Sp,H,3,Ml,T,1,R,9
1332,Sp,H,3,Ml,T,2,L,1
1333,Sp,H,3,Ml,T,2,L,10
1334,Sp,H,3,Ml,T,2,L,11
1335,Sp,H,3,Ml,T,2,L,12
1336,Sp,H,3,Ml,T,2,L,2
1337,Sp,H,3,Ml,T,2,L,3
1338,Sp,H,3,Ml,T,2,L,4
1339,Sp,H,3,Ml,T,2,L,9
1340,Sp,H,3,Ml,T,2,R,5
1341,Sp,H,3,Ml,T,2,R,6
1342,Sp,H,3,Ml,T,2,R,7
1343,Sp,H,3,Ml,T,2,R,8
1344,Sp,H,3,Sn,B,1,L,1
1345,Sp,H,3,Sn,B,1,L,2
1346,Sp,H,3,Sn,B,1,L,3
1347,Sp,H,3,Sn,B,1,L,4
1348,Sp,H,3,Sn,B,1,L,5
1349,Sp,H,3,Sn,B,1,L,6
1350,Sp,H,3,Sn,B,1,L,7
1351,Sp,H,3,Sn,B,1,L,8
1352,Sp,H,3,Sn,B,1,R,10
1353,Sp,H,3,Sn,B,1,R,11
1354,Sp,H,3,Sn,B,1,R,12
1355,Sp,H,3,Sn,B,1,R,9
1356,Sp,H,3,Sn,B,2,L,10
1357,Sp,H,3,Sn,B,2,L,11
1358,Sp,H,3,Sn,B,2,L,12
1359,Sp,H,3,Sn,B,2,L,9
1360,Sp,H,3,Sn,B,2,R,1
1361,Sp,H,3,Sn,B,2,R,2
1362,Sp,H,3,Sn,B,2,R,3
1363,Sp,H,3,Sn,B,2,R,4
1364,Sp,H,3,Sn,B,2,R,5
1365,Sp,H,3,Sn,B,2,R,6
1366,Sp,H,3,Sn,B,2,R,7
1367,Sp,H,3,Sn,B,2,R,8
1368,Sp,H,3,Sn,T,1,L,1
1369,Sp,H,3,Sn,T,1,L,2
1370,Sp,H,3,Sn,T,1,L,3
1371,Sp,H,3,Sn,T,1,L,4
1372,Sp,H,3,Sn,T,1,L,5
1373,Sp,H,3,Sn,T,1,L,6
1374,Sp,H,3,Sn,T,1,L,7
1375,Sp,H,3,Sn,T,1,L,8
1376,Sp,H,3,Sn,T,1,R,10
1377,Sp,H,3,Sn,T,1,R,11
1378,Sp,H,3,Sn,T,1,R,12
1379,Sp,H,3,Sn,T,1,R,9
1380,Sp,H,3,Sn,T,2,L,10
1381,Sp,H,3,Sn,T,2,L,11
1382,Sp,H,3,Sn,T,2,L,12
1383,Sp,H,3,Sn,T,2,L,9
1384,Sp,H,3,Sn,T,2,R,1
1385,Sp,H,3,Sn,T,2,R,2
1386,Sp,H,3,Sn,T,2,R,3
1387,Sp,H,3,Sn,T,2,R,4
1388,Sp,H,3,Sn,T,2,R,5
1389,Sp,H,3,Sn,T,2,R,6
1390,Sp,H,3,Sn,T,2,R,7
1391,Sp,H,3,Sn,T,2,R,8
1392,Sp,H,4,Ml,B,1,L,5
1393,Sp,H,4,Ml,B,1,L,6
1394,Sp,H,4,Ml,B,1,L,7
1395,Sp,H,4,Ml,B,1,L,8
1396,Sp,H,4,Ml,B,1,R,1
1397,Sp,H,4,Ml,B,1,R,10
1398,Sp,H,4,Ml,B,1,R,11
1399,Sp,H,4,Ml,B,1,R,12
1400,Sp,H,4,Ml,B,1,R,2
1401,Sp,H,4,Ml,B,1,R,3
1402,Sp,H,4,Ml,B,1,R,4
1403,Sp,H,4,Ml,B,1,R,9
1404,Sp,H,4,Ml,B,2,L,1
1405,Sp,H,4,Ml,B,2,L,10
1406,Sp,H,4,Ml,B,2,L,11
1407,Sp,H,4,Ml,B,2,L,12
1408,Sp,H,4,Ml,B,2,L,2
1409,Sp,H,4,Ml,B,2,L,3
1410,Sp,H,4,Ml,B,2,L,4
1411,Sp,H,4,Ml,B,2,L,9
1412,Sp,H,4,Ml,B,2,R,5
1413,Sp,H,4,Ml,B,2,R,6
1414,Sp,H,4,Ml,B,2,R,7
1415,Sp,H,4,Ml,B,2,R,8
1416,Sp,H,4,Ml,T,1,L,5
1417,Sp,H,4,Ml,T,1,L,6
1418,Sp,H,4,Ml,T,1,L,7
1419,Sp,H,4,Ml,T,1,L,8
1420,Sp,H,4,Ml,T,1,R,1
1421,Sp,H,4,Ml,T,1,R,10
1422,Sp,H,4,Ml,T,1,R,11
1423,Sp,H,4,Ml,T,1,R,12
1424,Sp,H,4,Ml,T,1,R,2
1425,Sp,H,4,Ml,T,1,R,3
1426,Sp,H,4,Ml,T,1,R,4
1427,Sp,H,4,Ml,T,1,R,9
1428,Sp,H,4,Ml,T,2,L,1
1429,Sp,H,4,Ml,T,2,L,10
1430,Sp,H,4,Ml,T,2,L,11
1431,Sp,H,4,Ml,T,2,L,12
1432,Sp,H,4,Ml,T,2,L,2
1433,Sp,H,4,Ml,T,2,L,3
1434,Sp,H,4,Ml,T,2,L,4
1435,Sp,H,4,Ml,T,2,L,9
1436,Sp,H,4,Ml,T,2,R,5
1437,Sp,H,4,Ml,T,2,R,6
1438,Sp,H,4,Ml,T,2,R,7
1439,Sp,H,4,Ml,T,2,R,8
1440,Sp,H,4,Sn,B,1,L,10
1441,Sp,H,4,Sn,B,1,L,11
1442,Sp,H,4,Sn,B,1,L,12
1443,Sp,H,4,Sn,B,1,L,5
1444,Sp,H,4,Sn,B,1,L,6
1445,Sp,H,4,Sn,B,1,L,7
1446,Sp,H,4,Sn,B,1,L,8
1447,Sp,H,4,Sn,B,1,L,9
1448,Sp,H,4,Sn,B,1,R,1
1449,Sp,H,4,Sn,B,1,R,2
1450,Sp,H,4,Sn,B,1,R,3
1451,Sp,H,4,Sn,B,1,R,4
1452,Sp,H,4,Sn,B,2,L,1
1453,Sp,H,4,Sn,B,2,L,2
1454,Sp,H,4,Sn,B,2,L,3
1455,Sp,H,4,Sn,B,2,L,4
1456,Sp,H,4,Sn,B,2,R,10
1457,Sp,H,4,Sn,B,2,R,11
1458,Sp,H,4,Sn,B,2,R,12
1459,Sp,H,4,Sn,B,2,R,5
1460,Sp,H,4,Sn,B,2,R,6
1461,Sp,H,4,Sn,B,2,R,7
1462,Sp,H,4,Sn,B,2,R,8
1463,Sp,H,4,Sn,B,2,R,9
1464,Sp,H,4,Sn,T,1,L,10
1465,Sp,H,4,Sn,T,1,L,11
1466,Sp,H,4,Sn,T,1,L,12
1467,Sp,H,4,Sn,T,1,L,5
1468,Sp,H,4,Sn,T,1,L,6
1469,Sp,H,4,Sn,T,1,L,7
1470,Sp,H,4,Sn,T,1,L,8
1471,Sp,H,4,Sn,T,1,L,9
1472,Sp,H,4,Sn,T,1,R,1
1473,Sp,H,4,Sn,T,1,R,2
1474,Sp,H,4,Sn,T,1,R,3
1475,Sp,H,4,Sn,T,1,R,4
1476,Sp,H,4,Sn,T,2,L,1
1477,Sp,H,4,Sn,T,2,L,2
1478,Sp,H,4,Sn,T,2,L,3
1479,Sp,H,4,Sn,T,2,L,4
1480,Sp,H,4,Sn,T,2,R,10
1481,Sp,H,4,Sn,T,2,R,11
1482,Sp,H,4,Sn,T,2,R,12
1483,Sp,H,4,Sn,T,2,R,5
1484,Sp,H,4,Sn,T,2,R,6
1485,Sp,H,4,Sn,T,2,R,7
1486,Sp,H,4,Sn,T,2,R,8
1487,Sp,H,4,Sn,T,2,R,9
1488,Sp,H,5,Ml,B,1,L,1
1489,Sp,H,5,Ml,B,1,L,10
1490,Sp,H,5,Ml,B,1,L,11
1491,Sp,H,5,Ml,B,1,L,12
1492,Sp,H,5,Ml,B,1,L,2
1493,Sp,H,5,Ml,B,1,L,3
1494,Sp,H,5,Ml,B,1,L,4
1495,Sp,H,5,Ml,B,1,L,5
1496,Sp,H,5,Ml,B,1,L,6
1497,Sp,H,5,Ml,B,1,L,7
1498,Sp,H,5,Ml,B,1,L,8
1499,Sp,H,5,Ml,B,1,L,9
1500,Sp,H,5,Ml,B,2,R,1
1501,Sp,H,5,Ml,B,2,R,10
1502,Sp,H,5,Ml,B,2,R,11
1503,Sp,H,5,Ml,B,2,R,12
1504,Sp,H,5,Ml,B,2,R,2
1505,Sp,H,5,Ml,B,2,R,3
1506,Sp,H,5,Ml,B,2,R,4
1507,Sp,H,5,Ml,B,2,R,5
1508,Sp,H,5,Ml,B,2,R,6
1509,Sp,H,5,Ml,B,2,R,7
1510,Sp,H,5,Ml,B,2,R,8
1511,Sp,H,5,Ml,B,2,R,9
1512,Sp,H,5,Ml,T,1,L,1
1513,Sp,H,5,Ml,T,1,L,10
1514,Sp,H,5,Ml,T,1,L,11
1515,Sp,H,5,Ml,T,1,L,12
1516,Sp,H,5,Ml,T,1,L,2
1517,Sp,H,5,Ml,T,1,L,3
1518,Sp,H,5,Ml,T,1,L,4
1519,Sp,H,5,Ml,T,1,L,5
1520,Sp,H,5,Ml,T,1,L,6
1521,Sp,H,5,Ml,T,1,L,7
1522,Sp,H,5,Ml,T,1,L,8
1523,Sp,H,5,Ml,T,1,L,9
1524,Sp,H,5,Ml,T,2,R,1
1525,Sp,H,5,Ml,T,2,R,10
1526,Sp,H,5,Ml,T,2,R,11
1527,Sp,H,5,Ml,T,2,R,12
1528,Sp,H,5,Ml,T,2,R,2
1529,Sp,H,5,Ml,T,2,R,3
1530,Sp,H,5,Ml,T,2,R,4
1531,Sp,H,5,Ml,T,2,R,5
1532,Sp,H,5,Ml,T,2,R,6
1533,Sp,H,5,Ml,T,2,R,7
1534,Sp,H,5,Ml,T,2,R,8
1535,Sp,H,5,Ml,T,2,R,9
1536,Sp,H,5,Sn,B,1,L,1
1537,Sp,H,5,Sn,B,1,L,2
1538,Sp,H,5,Sn,B,1,L,3
1539,Sp,H,5,Sn,B,1,L,4
1540,Sp,H,5,Sn,B,1,L,5
1541,Sp,H,5,Sn,B,1,L,6
1542,Sp,H,5,Sn,B,1,L,7
1543,Sp,H,5,Sn,B,1,L,8
1544,Sp,H,5,Sn,B,1,R,10
1545,Sp,H,5,Sn,B,1,R,11
1546,Sp,H,5,Sn,B,1,R,12
1547,Sp,H,5,Sn,B,1,R,9
1548,Sp,H,5,Sn,B,2,L,10
1549,Sp,H,5,Sn,B,2,L,11
1550,Sp,H,5,Sn,B,2,L,12
1551,Sp,H,5,Sn,B,2,L,9
1552,Sp,H,5,Sn,B,2,R,1
1553,Sp,H,5,Sn,B,2,R,2
1554,Sp,H,5,Sn,B,2,R,3
1555,Sp,H,5,Sn,B,2,R,4
1556,Sp,H,5,Sn,B,2,R,5
1557,Sp,H,5,Sn,B,2,R,6
1558,Sp,H,5,Sn,B,2,R,7
1559,Sp,H,5,Sn,B,2,R,8
1560,Sp,H,5,Sn,T,1,L,1
1561,Sp,H,5,Sn,T,1,L,2
1562,Sp,H,5,Sn,T,1,L,3
1563,Sp,H,5,Sn,T,1,L,4
1564,Sp,H,5,Sn,T,1,L,5
1565,Sp,H,5,Sn,T,1,L,6
1566,Sp,H,5,Sn,T,1,L,7
1567,Sp,H,5,Sn,T,1,L,8
1568,Sp,H,5,Sn,T,1,R,10
1569,Sp,H,5,Sn,T,1,R,11
1570,Sp,H,5,Sn,T,1,R,12
1571,Sp,H,5,Sn,T,1,R,9
1572,Sp,H,5,Sn,T,2,L,10
1573,Sp,H,5,Sn,T,2,L,11
1574,Sp,H,5,Sn,T,2,L,12
1575,Sp,H,5,Sn,T,2,L,9
1576,Sp,H,5,Sn,T,2,R,1
1577,Sp,H,5,Sn,T,2,R,2
1578,Sp,H,5,Sn,T,2,R,3
1579,Sp,H,5,Sn,T,2,R,4
1580,Sp,H,5,Sn,T,2,R,5
1581,Sp,H,5,Sn,T,2,R,6
1582,Sp,H,5,Sn,T,2,R,7
1583,Sp,H,5,Sn,T,2,R,8
1584,Sp,H,6,Ml,B,1,L,10
1585,Sp,H,6,Ml,B,1,L,11
1586,Sp,H,6,Ml,B,1,L,12
1587,Sp,H,6,Ml,B,1,L,9
1588,Sp,H,6,Ml,B,1,R,1
1589,Sp,H,6,Ml,B,1,R,2
1590,Sp,H,6,Ml,B,1,R,3
1591,Sp,H,6,Ml,B,1,R,4
1592,Sp,H,6,Ml,B,1,R,5
1593,Sp,H,6,Ml,B,1,R,6
1594,Sp,H,6,Ml,B,1,R,7
1595,Sp,H,6,Ml,B,1,R,8
1596,Sp,H,6,Ml,B,2,L,1
1597,Sp,H,6,Ml,B,2,L,2
1598,Sp,H,6,Ml,B,2,L,3
1599,Sp,H,6,Ml,B,2,L,4
1600,Sp,H,6,Ml,B,2,L,5
1601,Sp,H,6,Ml,B,2,L,6
1602,Sp,H,6,Ml,B,2,L,7
1603,Sp,H,6,Ml,B,2,L,8
1604,Sp,H,6,Ml,B,2,R,10
1605,Sp,H,6,Ml,B,2,R,11
1606,Sp,H,6,Ml,B,2,R,12
1607,Sp,H,6,Ml,B,2,R,9
1608,Sp,H,6,Ml,T,1,L,10
1609,Sp,H,6,Ml,T,1,L,11
1610,Sp,H,6,Ml,T,1,L,12
1611,Sp,H,6,Ml,T,1,L,9
1612,Sp,H,6,Ml,T,1,R,1
1613,Sp,H,6,Ml,T,1,R,2
1614,Sp,H,6,Ml,T,1,R,3
1615,Sp,H,6,Ml,T,1,R,4
1616,Sp,H,6,Ml,T,1,R,5
1617,Sp,H,6,Ml,T,1,R,6
1618,Sp,H,6,Ml,T,1,R,7
1619,Sp,H,6,Ml,T,1,R,8
1620,Sp,H,6,Ml,T,2,L,1
1621,Sp,H,6,Ml,T,2,L,2
1622,Sp,H,6,Ml,T,2,L,3
1623,Sp,H,6,Ml,T,2,L,4
1624,Sp,H,6,Ml,T,2,L,5
1625,Sp,H,6,Ml,T,2,L,6
1626,Sp,H,6,Ml,T,2,L,7
1627,Sp,H,6,Ml,T,2,L,8
1628,Sp,H,6,Ml,T,2,R,10
1629,Sp,H,6,Ml,T,2,R,11
1630,Sp,H,6,Ml,T,2,R,12
1631,Sp,H,6,Ml,T,2,R,9
1632,Sp,H,6,Sn,B,1,L,10
1633,Sp,H,6,Sn,B,1,L,11
1634,Sp,H,6,Sn,B,1,L,12
1635,Sp,H,6,Sn,B,1,L,5
1636,Sp,H,6,Sn,B,1,L,6
1637,Sp,H,6,Sn,B,1,L,7
1638,Sp,H,6,Sn,B,1,L,8
1639,Sp,H,6,Sn,B,1,L,9
1640,Sp,H,6,Sn,B,1,R,1
1641,Sp,H,6,Sn,B,1,R,2
1642,Sp,H,6,Sn,B,1,R,3
1643,Sp,H,6,Sn,B,1,R,4
1644,Sp,H,6,Sn,B,2,L,1
1645,Sp,H,6,Sn,B,2,L,2
1646,Sp,H,6,Sn,B,2,L,3
1647,Sp,H,6,Sn,B,2,L,4
1648,Sp,H,6,Sn,B,2,R,10
1649,Sp,H,6,Sn,B,2,R,11
1650,Sp,H,6,Sn,B,2,R,12
1651,Sp,H,6,Sn,B,2,R,5
1652,Sp,H,6,Sn,B,2,R,6
1653,Sp,H,6,Sn,B,2,R,7
1654,Sp,H,6,Sn,B,2,R,8
1655,Sp,H,6,Sn,B,2,R,9
1656,Sp,H,6,Sn,T,1,L,10
1657,Sp,H,6,Sn,T,1,L,11
1658,Sp,H,6,Sn,T,1,L,12
1659,Sp,H,6,Sn,T,1,L,5
1660,Sp,H,6,Sn,T,1,L,6
1661,Sp,H,6,Sn,T,1,L,7
1662,Sp,H,6,Sn,T,1,L,8
1663,Sp,H,6,Sn,T,1,L,9
1664,Sp,H,6,Sn,T,1,R,1
1665,Sp,H,6,Sn,T,1,R,2
1666,Sp,H,6,Sn,T,1,R,3
1667,Sp,H,6,Sn,T,1,R,4
1668,Sp,H,6,Sn,T,2,L,1
1669,Sp,H,6,Sn,T,2,L,2
1670,Sp,H,6,Sn,T,2,L,3
1671,Sp,H,6,Sn,T,2,L,4
1672,Sp,H,6,Sn,T,2,R,10
1673,Sp,H,6,Sn,T,2,R,11
1674,Sp,H,6,Sn,T,2,R,12
1675,Sp,H,6,Sn,T,2,R,5
1676,Sp,H,6,Sn,T,2,R,6
1677,Sp,H,6,Sn,T,2,R,7
1678,Sp,H,6,Sn,T,2,R,8
1679,Sp,H,6,Sn,T,2,R,9
1680,Sp,H,7,Ml,B,1,L,10
1681,Sp,H,7,Ml,B,1,L,11
1682,Sp,H,7,Ml,B,1,L,12
1683,Sp,H,7,Ml,B,1,L,9
1684,Sp,H,7,Ml,B,1,R,1
1685,Sp,H,7,Ml,B,1,R,2
1686,Sp,H,7,Ml,B,1,R,3
1687,Sp,H,7,Ml,B,1,R,4
1688,Sp,H,7,Ml,B,1,R,5
1689,Sp,H,7,Ml,B,1,R,6
1690,Sp,H,7,Ml,B,1,R,7
1691,Sp,H,7,Ml,B,1,R,8
1692,Sp,H,7,Ml,B,2,L,1
1693,Sp,H,7,Ml,B,2,L,2
1694,Sp,H,7,Ml,B,2,L,3
1695,Sp,H,7,Ml,B,2,L,4
1696,Sp,H,7,Ml,B,2,L,5
1697,Sp,H,7,Ml,B,2,L,6
1698,Sp,H,7,Ml,B,2,L,7
1699,Sp,H,7,Ml,B,2,L,8
1700,Sp,H,7,Ml,B,2,R,10
1701,Sp,H,7,Ml,B,2,R,11
1702,Sp,H,7,Ml,B,2,R,12
1703,Sp,H,7,Ml,B,2,R,9
1704,Sp,H,7,Ml,T,1,L,10
1705,Sp,H,7,Ml,T,1,L,11
1706,Sp,H,7,Ml,T,1,L,12
1707,Sp,H,7,Ml,T,1,L,9
1708,Sp,H,7,Ml,T,1,R,1
1709,Sp,H,7,Ml,T,1,R,2
1710,Sp,H,7,Ml,T,1,R,3
1711,Sp,H,7,Ml,T,1,R,4
1712,Sp,H,7,Ml,T,1,R,5
1713,Sp,H,7,Ml,T,1,R,6
1714,Sp,H,7,Ml,T,1,R,7
1715,Sp,H,7,Ml,T,1,R,8
1716,Sp,H,7,Ml,T,2,L,1
1717,Sp,H,7,Ml,T,2,L,2
1718,Sp,H,7,Ml,T,2,L,3
1719,Sp,H,7,Ml,T,2,L,4
1720,Sp,H,7,Ml,T,2,L,5
1721,Sp,H,7,Ml,T,2,L,6
1722,Sp,H,7,Ml,T,2,L,7
1723,Sp,H,7,Ml,T,2,L,8
1724,Sp,H,7,Ml,T,2,R,10
1725,Sp,H,7,Ml,T,2,R,11
1726,Sp,H,7,Ml,T,2,R,12
1727,Sp,H,7,Ml,T,2,R,9
1728,Sp,H,7,Sn,B,1,L,1
1729,Sp,H,7,Sn,B,1,L,10
1730,Sp,H,7,Sn,B,1,L,11
1731,Sp,H,7,Sn,B,1,L,12
1732,Sp,H,7,Sn,B,1,L,2
1733,Sp,H,7,Sn,B,1,L,3
1734,Sp,H,7,Sn,B,1,L,4
1735,Sp,H,7,Sn,B,1,L,5
1736,Sp,H,7,Sn,B,1,L,6
1737,Sp,H,7,Sn,B,1,L,7
1738,Sp,H,7,Sn,B,1,L,8
1739,Sp,H,7,Sn,B,1,L,9
1740,Sp,H,7,Sn,B,2,R,1
1741,Sp,H,7,Sn,B,2,R,10
1742,Sp,H,7,Sn,B,2,R,11
1743,Sp,H,7,Sn,B,2,R,12
1744,Sp,H,7,Sn,B,2,R,2
1745,Sp,H,7,Sn,B,2,R,3
1746,Sp,H,7,Sn,B,2,R,4
1747,Sp,H,7,Sn,B,2,R,5
1748,Sp,H,7,Sn,B,2,R,6
1749,Sp,H,7,Sn,B,2,R,7
1750,Sp,H,7,Sn,B,2,R,8
1751,Sp,H,7,Sn,B,2,R,9
1752,Sp,H,7,Sn,T,1,L,1
1753,Sp,H,7,Sn,T,1,L,10
1754,Sp,H,7,Sn,T,1,L,11
1755,Sp,H,7,Sn,T,1,L,12
1756,Sp,H,7,Sn,T,1,L,2
1757,Sp,H,7,Sn,T,1,L,3
1758,Sp,H,7,Sn,T,1,L,4
1759,Sp,H,7,Sn,T,1,L,5
1760,Sp,H,7,Sn,T,1,L,6
1761,Sp,H,7,Sn,T,1,L,7
1762,Sp,H,7,Sn,T,1,L,8
1763,Sp,H,7,Sn,T,1,L,9
1764,Sp,H,7,Sn,T,2,R,1
1765,Sp,H,7,Sn,T,2,R,10
1766,Sp,H,7,Sn,T,2,R,11
1767,Sp,H,7,Sn,T,2,R,12
1768,Sp,H,7,Sn,T,2,R,2
1769,Sp,H,7,Sn,T,2,R,3
1770,Sp,H,7,Sn,T,2,R,4
1771,Sp,H,7,Sn,T,2,R,5
1772,Sp,H,7,Sn,T,2,R,6
1773,Sp,H,7,Sn,T,2,R,7
1774,Sp,H,7,Sn,T,2,R,8
1775,Sp,H,7,Sn,T,2,R,9
1776,Sp,H,8,Ml,B,1,L,5
1777,Sp,H,8,Ml,B,1,L,6
1778,Sp,H,8,Ml,B,1,L,7
1779,Sp,H,8,Ml,B,1,L,8
1780,Sp,H,8,Ml,B,1,R,1
1781,Sp,H,8,Ml,B,1,R,10
1782,Sp,H,8,Ml,B,1,R,11
1783,Sp,H,8,Ml,B,1,R,12
1784,Sp,H,8,Ml,B,1,R,2
1785,Sp,H,8,Ml,B,1,R,3
1786,Sp,H,8,Ml,B,1,R,4
1787,Sp,H,8,Ml,B,1,R,9
1788,Sp,H,8,Ml,B,2,L,1
1789,Sp,H,8,Ml,B,2,L,2
1790,Sp,H,8,Ml,B,2,L,3
1791,Sp,H,8,Ml,B,2,L,4
1792,Sp,H,8,Ml,B,2,R,10
1793,Sp,H,8,Ml,B,2,R,11
1794,Sp,H,8,Ml,B,2,R,12
1795,Sp,H,8,Ml,B,2,R,5
1796,Sp,H,8,Ml,B,2,R,6
1797,Sp,H,8,Ml,B,2,R,7
1798,Sp,H,8,Ml,B,2,R,8
1799,Sp,H,8,Ml,B,2,R,9
1800,Sp,H,8,Ml,T,1,L,5
1801,Sp,H,8,Ml,T,1,L,6
1802,Sp,H,8,Ml,T,1,L,7
1803,Sp,H,8,Ml,T,1,L,8
1804,Sp,H,8,Ml,T,1,R,1
1805,Sp,H,8,Ml,T,1,R,10
1806,Sp,H,8,Ml,T,1,R,11
1807,Sp,H,8,Ml,T,1,R,12
1808,Sp,H,8,Ml,T,1,R,2
1809,Sp,H,8,Ml,T,1,R,3
1810,Sp,H,8,Ml,T,1,R,4
1811,Sp,H,8,Ml,T,1,R,9
1812,Sp,H,8,Ml,T,2,L,1
1813,Sp,H,8,Ml,T,2,L,2
1814,Sp,H,8,Ml,T,2,L,3
1815,Sp,H,8,Ml,T,2,L,4
1816,Sp,H,8,Ml,T,2,R,10
1817,Sp,H,8,Ml,T,2,R,11
1818,Sp,H,8,Ml,T,2,R,12
1819,Sp,H,8,Ml,T,2,R,5
1820,Sp,H,8,Ml,T,2,R,6
1821,Sp,H,8,Ml,T,2,R,7
1822,Sp,H,8,Ml,T,2,R,8
1823,Sp,H,8,Ml,T,2,R,9
1824,Sp,H,8,Sn,B,1,L,10
1825,Sp,H,8,Sn,B,1,L,11
1826,Sp,H,8,Sn,B,1,L,12
1827,Sp,H,8,Sn,B,1,L,9
1828,Sp,H,8,Sn,B,1,R,1
1829,Sp,H,8,Sn,B,1,R,2
1830,Sp,H,8,Sn,B,1,R,3
1831,Sp,H,8,Sn,B,1,R,4
1832,Sp,H,8,Sn,B,1,R,5
1833,Sp,H,8,Sn,B,1,R,6
1834,Sp,H,8,Sn,B,1,R,7
1835,Sp,H,8,Sn,B,1,R,8
1836,Sp,H,8,Sn,B,2,L,10
1837,Sp,H,8,Sn,B,2,L,11
1838,Sp,H,8,Sn,B,2,L,12
1839,Sp,H,8,Sn,B,2,L,9
1840,Sp,H,8,Sn,B,2,R,1
1841,Sp,H,8,Sn,B,2,R,2
1842,Sp,H,8,Sn,B,2,R,3
1843,Sp,H,8,Sn,B,2,R,4
1844,Sp,H,8,Sn,B,2,R,5
1845,Sp,H,8,Sn,B,2,R,6
1846,Sp,H,8,Sn,B,2,R,7
1847,Sp,H,8,Sn,B,2,R,8
1848,Sp,H,8,Sn,T,1,L,10
1849,Sp,H,8,Sn,T,1,L,11
1850,Sp,H,8,Sn,T,1,L,12
1851,Sp,H,8,Sn,T,1,L,9
1852,Sp,H,8,Sn,T,1,R,1
1853,Sp,H,8,Sn,T,1,R,2
1854,Sp,H,8,Sn,T,1,R,3
1855,Sp,H,8,Sn,T,1,R,4
1856,Sp,H,8,Sn,T,1,R,5
1857,Sp,H,8,Sn,T,1,R,6
1858,Sp,H,8,Sn,T,1,R,7
1859,Sp,H,8,Sn,T,1,R,8
1860,Sp,H,8,Sn,T,2,L,10
1861,Sp,H,8,Sn,T,2,L,11
1862,Sp,H,8,Sn,T,2,L,12
1863,Sp,H,8,Sn,T,2,L,9
1864,Sp,H,8,Sn,T,2,R,1
1865,Sp,H,8,Sn,T,2,R,2
1866,Sp,H,8,Sn,T,2,R,3
1867,Sp,H,8,Sn,T,2,R,4
1868,Sp,H,8,Sn,T,2,R,5
1869,Sp,H,8,Sn,T,2,R,6
1870,Sp,H,8,Sn,T,2,R,7
1871,Sp,H,8,Sn,T,2,R,8
1872,Sp,H,9,Ml,B,1,L,1
1873,Sp,H,9,Ml,B,1,L,10
1874,Sp,H,9,Ml,B,1,L,11
1875,Sp,H,9,Ml,B,1,L,12
1876,Sp,H,9,Ml,B,1,L,2
1877,Sp,H,9,Ml,B,1,L,3
1878,Sp,H,9,Ml,B,1,L,4
1879,Sp,H,9,Ml,B,1,L,9
1880,Sp,H,9,Ml,B,1,R,5
1881,Sp,H,9,Ml,B,1,R,6
1882,Sp,H,9,Ml,B,1,R,7
1883,Sp,H,9,Ml,B,1,R,8
1884,Sp,H,9,Ml,B,2,L,5
1885,Sp,H,9,Ml,B,2,L,6
1886,Sp,H,9,Ml,B,2,L,7
1887,Sp,H,9,Ml,B,2,L,8
1888,Sp,H,9,Ml,B,2,R,1
1889,Sp,H,9,Ml,B,2,R,10
1890,Sp,H,9,Ml,B,2,R,11
1891,Sp,H,9,Ml,B,2,R,12
1892,Sp,H,9,Ml,B,2,R,2
1893,Sp,H,9,Ml,B,2,R,3
1894,Sp,H,9,Ml,B,2,R,4
1895,Sp,H,9,Ml,B,2,R,9
1896,Sp,H,9,Ml,T,1,L,1
1897,Sp,H,9,Ml,T,1,L,10
1898,Sp,H,9,Ml,T,1,L,11
1899,Sp,H,9,Ml,T,1,L,12
1900,Sp,H,9,Ml,T,1,L,2
1901,Sp,H,9,Ml,T,1,L,3
1902,Sp,H,9,Ml,T,1,L,4
1903,Sp,H,9,Ml,T,1,L,9
1904,Sp,H,9,Ml,T,1,R,5
1905,Sp,H,9,Ml,T,1,R,6
1906,Sp,H,9,Ml,T,1,R,7
1907,Sp,H,9,Ml,T,1,R,8
1908,Sp,H,9,Ml,T,2,L,5
1909,Sp,H,9,Ml,T,2,L,6
1910,Sp,H,9,Ml,T,2,L,7
1911,Sp,H,9,Ml,T,2,L,8
1912,Sp,H,9,Ml,T,2,R,1
1913,Sp,H,9,Ml,T,2,R,10
1914,Sp,H,9,Ml,T,2,R,11
1915,Sp,H,9,Ml,T,2,R,12
1916,Sp,H,9,Ml,T,2,R,2
1917,Sp,H,9,Ml,T,2,R,3
1918,Sp,H,9,Ml,T,2,R,4
1919,Sp,H,9,Ml,T,2,R,9
1920,Sp,H,9,Sn,B,1,L,5
1921,Sp,H,9,Sn,B,1,L,6
1922,Sp,H,9,Sn,B,1,L,7
1923,Sp,H,9,Sn,B,1,L,8
1924,Sp,H,9,Sn,B,1,R,1
1925,Sp,H,9,Sn,B,1,R,10
1926,Sp,H,9,Sn,B,1,R,11
1927,Sp,H,9,Sn,B,1,R,12
1928,Sp,H,9,Sn,B,1,R,2
1929,Sp,H,9,Sn,B,1,R,3
1930,Sp,H,9,Sn,B,1,R,4
1931,Sp,H,9,Sn,B,1,R,9
1932,Sp,H,9,Sn,B,2,L,10
1933,Sp,H,9,Sn,B,2,L,11
1934,Sp,H,9,Sn,B,2,L,12
1935,Sp,H,9,Sn,B,2,L,5
1936,Sp,H,9,Sn,B,2,L,6
1937,Sp,H,9,Sn,B,2,L,7
1938,Sp,H,9,Sn,B,2,L,8
1939,Sp,H,9,Sn,B,2,L,9
1940,Sp,H,9,Sn,B,2,R,1
1941,Sp,H,9,Sn,B,2,R,2
1942,Sp,H,9,Sn,B,2,R,3
1943,Sp,H,9,Sn,B,2,R,4
1944,Sp,H,9,Sn,T,1,L,5
1945,Sp,H,9,Sn,T,1,L,6
1946,Sp,H,9,Sn,T,1,L,7
1947,Sp,H,9,Sn,T,1,L,8
1948,Sp,H,9,Sn,T,1,R,1
1949,Sp,H,9,Sn,T,1,R,10
1950,Sp,H,9,Sn,T,1,R,11
1951,Sp,H,9,Sn,T,1,R,12
1952,Sp,H,9,Sn,T,1,R,2
1953,Sp,H,9,Sn,T,1,R,3
1954,Sp,H,9,Sn,T,1,R,4
1955,Sp,H,9,Sn,T,1,R,9
1956,Sp,H,9,Sn,T,2,L,10
1957,Sp,H,9,Sn,T,2,L,11
1958,Sp,H,9,Sn,T,2,L,12
1959,Sp,H,9,Sn,T,2,L,5
1960,Sp,H,9,Sn,T,2,L,6
1961,Sp,H,9,Sn,T,2,L,7
1962,Sp,H,9,Sn,T,2,L,8
1963,Sp,H,9,Sn,T,2,L,9
1964,Sp,H,9,Sn,T,2,R,1
1965,Sp,H,9,Sn,T,2,R,2
1966,Sp,H,9,Sn,T,2,R,3
1967,Sp,H,9,Sn,T,2,R,4
